16122564,01122564,01112564,01102564,01082564,16072564,01072564,01012564
"1,600.0","1,600.0","1,600.0","1,600.0","1,600.0","1,600.0","1,600.0","1,600.0"
"1,700.0","1,700.0","1,700.0","1,700.0","1,700.0","1,700.0","1,700.0","1,700.0"
"1,500.0","1,500.0","1,500.0","1,500.0","1,500.0","1,500.0","1,500.0","1,500.0"
"1,315.6","1,315.6","1,315.6","1,315.6","1,315.6","1,315.6","1,315.6","1,315.6"
"1,500.0","1,500.0","1,500.0","1,500.0","1,500.0","1,500.0","1,500.0","1,500.0"
"1,434.0","1,434.0","1,434.0","1,434.0","1,434.0","1,434.0","1,434.0","1,434.0"
"1,352.0","1,352.0","1,352.0","1,352.0","1,352.0","1,352.0","1,352.0","1,352.0"
"1,203.0","1,203.0","1,203.0","1,203.0","1,203.0","1,203.0","1,203.0","1,203.0"
"1,200.0","1,200.0","1,200.0","1,200.0","1,200.0","1,200.0","1,200.0","1,200.0"
"1,399.0","1,399.0","1,399.0","1,399.0","1,399.0","1,399.0","1,399.0","1,399.0"
"1,142.2","1,142.2","1,142.2","1,142.2","1,142.2","1,142.2","1,142.2","1,142.2"
"1,100.0","1,100.0","1,100.0","1,100.0","1,100.0","1,100.0","1,100.0","1,100.0"
"1,348.0","1,348.0","1,348.0","1,348.0","1,348.0","1,348.0","1,348.0","1,348.0"
"1,100.0","1,100.0","1,100.0","1,100.0","1,100.0","1,100.0","1,100.0","1,100.0"
"1,100.0","1,100.0","1,100.0","1,100.0","1,100.0","1,100.0","1,100.0","1,100.0"
"1,100.0","1,100.0","1,100.0","1,100.0","1,100.0","1,100.0","1,100.0","1,100.0"
"1,100.0","1,100.0","1,100.0","1,100.0","1,100.0","1,100.0","1,100.0","1,100.0"
"1,200.0","1,200.0","1,200.0","1,200.0","1,200.0","1,200.0","1,200.0","1,200.0"
"1,519.0","1,519.0","1,519.0","1,519.0","1,519.0","1,519.0","1,519.0","1,519.0"
"1,212.0","1,212.0","1,212.0","1,212.0","1,212.0","1,212.0","1,212.0","1,212.0"
"1,100.0","1,100.0","1,100.0","1,100.0","1,100.0","1,100.0","1,100.0","1,100.0"
"1,300.0","1,300.0","1,300.0","1,300.0","1,300.0","1,300.0","1,300.0","1,300.0"
"1,430.0","1,430.0","1,430.0","1,430.0","1,430.0","1,430.0","1,430.0","1,430.0"
"1,543.4","1,543.4","1,543.4","1,543.4","1,543.4","1,543.4","1,543.4","1,543.4"
"1,429.0","1,429.0","1,429.0","1,429.0","1,429.0","1,429.0","1,429.0","1,429.0"
"1,100.0","1,100.0","1,100.0","1,100.0","1,100.0","1,100.0","1,100.0","1,100.0"
"1,300.0","1,300.0","1,300.0","1,300.0","1,300.0","1,300.0","1,300.0","1,300.0"
"1,683.3","1,683.3","1,683.3","1,683.3","1,683.3","1,683.3","1,683.3","1,683.3"
"1,556.0","1,556.0","1,556.0","1,556.0","1,556.0","1,556.0","1,556.0","1,556.0"
"1,200.0","1,200.0","1,200.0","1,200.0","1,200.0","1,200.0","1,200.0","1,200.0"
"1,307.0","1,307.0","1,307.0","1,307.0","1,307.0","1,307.0","1,307.0","1,307.0"
"1,207.0","1,207.0","1,207.0","1,207.0","1,207.0","1,207.0","1,207.0","1,207.0"
"1,232.0","1,232.0","1,232.0","1,232.0","1,232.0","1,232.0","1,232.0","1,232.0"
"1,360.0","1,360.0","1,360.0","1,360.0","1,360.0","1,360.0","1,360.0","1,360.0"
"1,303.0","1,303.0","1,303.0","1,303.0","1,303.0","1,303.0","1,303.0","1,303.0"
"1,358.6","1,358.6","1,358.6","1,358.6","1,358.6","1,358.6","1,358.6","1,358.6"
"1,213.0","1,213.0","1,213.0","1,213.0","1,213.0","1,213.0","1,213.0","1,213.0"
"1,338.0","1,338.0","1,338.0","1,338.0","1,338.0","1,338.0","1,338.0","1,338.0"
"1,330.0","1,330.0","1,330.0","1,330.0","1,330.0","1,330.0","1,330.0","1,330.0"
"1,352.0","1,352.0","1,352.0","1,352.0","1,352.0","1,352.0","1,352.0","1,352.0"
"1,521.5","1,521.5","1,521.5","1,521.5","1,521.5","1,521.5","1,521.5","1,515.9"
"1,245.0","1,245.0","1,245.0","1,245.0","1,245.0","1,245.0","1,245.0","1,245.0"
"1,391.0","1,391.0","1,391.0","1,391.0","1,391.0","1,391.0","1,391.0","1,391.0"
"1,454.0","1,454.0","1,454.0","1,454.0","1,454.0","1,454.0","1,454.0","1,454.0"
"1,313.0","1,313.0","1,313.0","1,313.0","1,313.0","1,313.0","1,313.0","1,313.0"
"1,100.0","1,100.0","1,100.0","1,100.0","1,100.0","1,100.0","1,100.0","1,100.0"
"1,200.0","1,200.0","1,200.0","1,200.0","1,200.0","1,200.0","1,200.0","1,200.0"
"1,207.0","1,207.0","1,207.0","1,207.0","1,207.0","1,207.0","1,207.0","1,207.0"
"1,100.0","1,100.0","1,100.0","1,100.0","1,100.0","1,100.0","1,100.0","1,100.0"
"1,145.0","1,145.0","1,145.0","1,145.0","1,145.0","1,145.0","1,145.0","1,145.0"
"1,200.0","1,200.0","1,200.0","1,200.0","1,200.0","1,200.0","1,200.0","1,200.0"
"1,100.0","1,100.0","1,100.0","1,100.0","1,100.0","1,100.0","1,100.0","1,100.0"
"1,100.0","1,100.0","1,100.0","1,100.0","1,100.0","1,100.0","1,100.0","1,100.0"
"1,336.0","1,336.0","1,336.0","1,336.0","1,336.0","1,336.0","1,336.0","1,336.0"
"1,100.0","1,100.0","1,100.0","1,100.0","1,100.0","1,100.0","1,100.0","1,100.0"
"1,100.0","1,100.0","1,100.0","1,100.0","1,100.0","1,100.0","1,100.0","1,100.0"
"1,293.0","1,293.0","1,293.0","1,293.0","1,293.0","1,293.0","1,293.0","1,293.0"
"1,469.0","1,469.0","1,469.0","1,469.0","1,469.0","1,469.0","1,469.0","1,469.0"
"1,115.0","1,115.0","1,115.0","1,115.0","1,115.0","1,115.0","1,115.0","1,115.0"
"1,110.0","1,110.0","1,110.0","1,110.0","1,110.0","1,110.0","1,110.0","1,110.0"
"1,601.5","1,601.5","1,601.5","1,601.5","1,601.5","1,601.5","1,601.5","1,601.5"
"1,384.0","1,384.0","1,384.0","1,384.0","1,384.0","1,384.0","1,384.0","1,384.0"
"1,243.0","1,243.0","1,243.0","1,243.0","1,243.0","1,243.0","1,243.0","1,243.0"
"1,130.0","1,130.0","1,130.0","1,130.0","1,130.0","1,130.0","1,130.0","1,130.0"
"1,100.0","1,100.0","1,100.0","1,100.0","1,100.0","1,100.0","1,100.0","1,100.0"
"1,348.5","1,348.5","1,348.5","1,336.8","1,336.8","1,336.8","1,336.8","1,336.8"
"1,154.0","1,154.0","1,154.0","1,154.0","1,154.0","1,154.0","1,154.0","1,154.0"
"1,404.0","1,404.0","1,404.0","1,404.0","1,404.0","1,404.0","1,404.0","1,404.0"
"1,231.0","1,231.0","1,231.0","1,231.0","1,231.0","1,231.0","1,231.0","1,231.0"
"1,327.0","1,327.0","1,327.0","1,327.0","1,327.0","1,327.0","1,327.0","1,327.0"
"1,130.0","1,130.0","1,130.0","1,130.0","1,130.0","1,130.0","1,130.0","1,130.0"
"1,200.0","1,200.0","1,200.0","1,200.0","1,200.0","1,200.0","1,200.0","1,200.0"
"1,405.0","1,405.0","1,405.0","1,405.0","1,405.0","1,405.0","1,405.0","1,405.0"
"1,120.0","1,120.0","1,120.0","1,120.0","1,120.0","1,120.0","1,120.0","1,120.0"
"1,100.0","1,100.0","1,100.0","1,100.0","1,100.0","1,100.0","1,100.0","1,100.0"
"1,290.6","1,290.6","1,290.6","1,290.6","1,290.6","1,290.6","1,290.6","1,290.6"
"1,273.0","1,273.0","1,273.0","1,273.0","1,273.0","1,273.0","1,273.0","1,273.0"
"1,100.0","1,100.0","1,100.0","1,100.0","1,100.0","1,100.0","1,100.0","1,100.0"
"1,521.0","1,521.0","1,521.0","1,521.0","1,521.0","1,521.0","1,521.0","1,521.0"
"1,306.0","1,306.0","1,306.0","1,306.0","1,306.0","1,306.0","1,306.0","1,306.0"
"1,100.0","1,100.0","1,100.0","1,100.0","1,100.0","1,100.0","1,100.0","1,100.0"
"1,424.0","1,424.0","1,424.0","1,424.0","1,424.0","1,424.0","1,424.0","1,424.0"
"1,100.0","1,100.0","1,100.0","1,100.0","1,100.0","1,100.0","1,100.0","1,100.0"
"1,100.0","1,100.0","1,100.0","1,100.0","1,100.0","1,100.0","1,100.0","1,100.0"
"1,160.0","1,160.0","1,160.0","1,160.0","1,160.0","1,160.0","1,160.0","1,160.0"
"1,100.0","1,100.0","1,100.0","1,100.0","1,100.0","1,100.0","1,100.0","1,100.0"
"1,652.1","1,640.4","1,640.4","1,640.4","1,640.4","1,640.4","1,640.4","1,640.4"
"1,120.0","1,120.0","1,120.0","1,120.0","1,120.0","1,120.0","1,120.0","1,120.0"
"1,303.0","1,303.0","1,303.0","1,303.0","1,303.0","1,303.0","1,303.0","1,303.0"
"1,126.0","1,126.0","1,126.0","1,126.0","1,126.0","1,126.0","1,126.0","1,126.0"
"1,100.0","1,100.0","1,100.0","1,100.0","1,100.0","1,100.0","1,100.0","1,100.0"
"1,100.0","1,100.0","1,100.0","1,100.0","1,100.0","1,100.0","1,100.0","1,100.0"
"1,120.0","1,120.0","1,120.0","1,120.0","1,120.0","1,120.0","1,120.0","1,120.0"
"1,100.0","1,100.0","1,100.0","1,100.0","1,100.0","1,100.0","1,100.0","1,100.0"
"1,136.0","1,136.0","1,136.0","1,136.0","1,136.0","1,136.0","1,136.0","1,136.0"
"1,100.0","1,100.0","1,100.0","1,100.0","1,100.0","1,100.0","1,100.0","1,100.0"
"1,100.0","1,100.0","1,100.0","1,100.0","1,100.0","1,100.0","1,100.0","1,100.0"
"1,120.0","1,120.0","1,120.0","1,120.0","1,120.0","1,120.0","1,120.0","1,120.0"
"1,100.0","1,100.0","1,100.0","1,100.0","1,100.0","1,100.0","1,100.0","1,100.0"
"1,323.0","1,323.0","1,323.0","1,323.0","1,323.0","1,323.0","1,323.0","1,323.0"
"1,100.0","1,100.0","1,100.0","1,100.0","1,100.0","1,100.0","1,100.0","1,100.0"
"1,100.0","1,100.0","1,100.0","1,100.0","1,100.0","1,100.0","1,100.0","1,100.0"
"1,100.0","1,100.0","1,100.0","1,100.0","1,100.0","1,100.0","1,100.0","1,100.0"
"1,273.0","1,273.0","1,273.0","1,273.0","1,273.0","1,273.0","1,273.0","1,273.0"
"1,100.0","1,100.0","1,100.0","1,100.0","1,100.0","1,100.0","1,100.0","1,100.0"
"1,100.0","1,100.0","1,100.0","1,100.0","1,100.0","1,100.0","1,100.0","1,100.0"
"1,317.0","1,317.0","1,317.0","1,317.0","1,317.0","1,317.0","1,317.0","1,317.0"
"1,215.0","1,215.0","1,215.0","1,215.0","1,215.0","1,215.0","1,215.0","1,215.0"
"1,100.0","1,100.0","1,100.0","1,100.0","1,100.0","1,100.0","1,100.0","1,100.0"
"1,120.0","1,120.0","1,120.0","1,120.0","1,120.0","1,120.0","1,120.0","1,120.0"
"1,199.6","1,199.6","1,199.6","1,199.6","1,199.6","1,199.6","1,199.6","1,199.6"
"1,406.2","1,406.2","1,406.2","1,406.2","1,406.2","1,406.2","1,406.2","1,406.2"
"1,180.0","1,180.0","1,180.0","1,180.0","1,180.0","1,180.0","1,180.0","1,180.0"
"1,339.0","1,339.0","1,339.0","1,339.0","1,339.0","1,339.0","1,339.0","1,339.0"
"1,200.0","1,200.0","1,200.0","1,200.0","1,200.0","1,200.0","1,200.0","1,200.0"
"1,307.0","1,307.0","1,307.0","1,307.0","1,307.0","1,307.0","1,307.0","1,307.0"
"1,100.0","1,100.0","1,100.0","1,100.0","1,100.0","1,100.0","1,100.0","1,100.0"
"1,243.9","1,243.9","1,243.9","1,243.9","1,243.9","1,243.9","1,243.9","1,243.9"
"1,322.0","1,322.0","1,322.0","1,322.0","1,322.0","1,322.0","1,322.0","1,322.0"
"1,100.0","1,100.0","1,100.0","1,100.0","1,100.0","1,100.0","1,100.0","1,100.0"
"1,100.0","1,100.0","1,100.0","1,100.0","1,100.0","1,100.0","1,100.0","1,100.0"
"1,373.7","1,373.7","1,373.7","1,373.7","1,373.7","1,373.7","1,373.7","1,373.7"
"1,452.0","1,452.0","1,452.0","1,452.0","1,452.0","1,452.0","1,452.0","1,452.0"
"1,212.0","1,212.0","1,212.0","1,212.0","1,212.0","1,212.0","1,212.0","1,212.0"
"1,130.0","1,130.0","1,130.0","1,130.0","1,130.0","1,130.0","1,130.0","1,130.0"
"1,120.0","1,120.0","1,120.0","1,120.0","1,120.0","1,120.0","1,120.0","1,120.0"
"1,101.0","1,101.0","1,101.0","1,101.0","1,101.0","1,101.0","1,101.0","1,101.0"
"1,230.7","1,230.7","1,230.7","1,230.7","1,230.7","1,230.7","1,230.7","1,230.7"
"1,100.0","1,100.0","1,100.0","1,100.0","1,100.0","1,100.0","1,100.0","1,100.0"
"1,100.0","1,100.0","1,100.0","1,100.0","1,100.0","1,100.0","1,100.0","1,100.0"
"1,518.3","1,518.3","1,518.3","1,518.3","1,518.3","1,518.3","1,518.3","1,518.3"
"1,339.0","1,339.0","1,339.0","1,339.0","1,339.0","1,339.0","1,339.0","1,339.0"
"1,100.0","1,100.0","1,100.0","1,100.0","1,100.0","1,100.0","1,100.0","1,100.0"
"1,230.0","1,230.0","1,230.0","1,230.0","1,230.0","1,230.0","1,230.0","1,230.0"
"1,100.0","1,100.0","1,100.0","1,100.0","1,100.0","1,100.0","1,100.0","1,100.0"
"1,200.0","1,200.0","1,200.0","1,200.0","1,200.0","1,200.0","1,200.0","1,200.0"
"1,213.0","1,213.0","1,213.0","1,213.0","1,213.0","1,213.0","1,213.0","1,213.0"
"1,296.8","1,296.8","1,296.8","1,296.8","1,296.8","1,296.8","1,296.8","1,296.8"
"1,800.5","1,780.2","1,780.2","1,780.2","1,780.2","1,780.2","1,780.2","1,780.2"
"1,100.0","1,100.0","1,100.0","1,100.0","1,100.0","1,100.0","1,100.0","1,100.0"
"1,100.0","1,100.0","1,100.0","1,100.0","1,100.0","1,100.0","1,100.0","1,100.0"
"1,125.0","1,125.0","1,125.0","1,125.0","1,125.0","1,125.0","1,125.0","1,125.0"
"1,738.7","1,738.7","1,738.7","1,738.7","1,738.7","1,738.7","1,738.7","1,738.7"
"1,150.0","1,150.0","1,150.0","1,150.0","1,150.0","1,150.0","1,150.0","1,150.0"
"1,100.0","1,100.0","1,100.0","1,100.0","1,100.0","1,100.0","1,100.0","1,100.0"
"1,181.0","1,181.0","1,181.0","1,181.0","1,181.0","1,181.0","1,181.0","1,181.0"
"1,303.3","1,303.3","1,303.3","1,303.3","1,303.3","1,303.3","1,303.3","1,303.3"
"1,100.0","1,100.0","1,100.0","1,100.0","1,100.0","1,100.0","1,100.0","1,100.0"
"1,259.6","1,259.6","1,259.6","1,259.6","1,259.6","1,259.6","1,259.6","1,259.6"
"1,493.7","1,493.7","1,493.7","1,493.7","1,493.7","1,493.7","1,493.7","1,493.7"
"1,125.0","1,125.0","1,125.0","1,125.0","1,125.0","1,125.0","1,125.0","1,125.0"
"1,385.1","1,385.1","1,385.1","1,385.1","1,385.1","1,385.1","1,385.1","1,385.1"
"1,190.0","1,190.0","1,190.0","1,190.0","1,190.0","1,190.0","1,190.0","1,190.0"
"1,665.3","1,665.3","1,665.3","1,665.3","1,665.3","1,665.3","1,665.3","1,665.3"
"1,100.0","1,100.0","1,100.0","1,100.0","1,100.0","1,100.0","1,100.0","1,100.0"
"1,331.0","1,331.0","1,331.0","1,331.0","1,331.0","1,331.0","1,331.0","1,331.0"
"1,379.2","1,379.2","1,379.2","1,379.2","1,379.2","1,379.2","1,379.2","1,379.2"
"1,115.0","1,115.0","1,115.0","1,115.0","1,115.0","1,115.0","1,115.0","1,115.0"
"1,145.0","1,145.0","1,145.0","1,145.0","1,145.0","1,145.0","1,145.0","1,145.0"
"1,104.0","1,104.0","1,104.0","1,104.0","1,104.0","1,104.0","1,104.0","1,104.0"
"1,208.0","1,208.0","1,208.0","1,208.0","1,208.0","1,208.0","1,208.0","1,208.0"
"1,521.0","1,509.0","1,509.0","1,509.0","1,509.0","1,509.0","1,509.0","1,509.0"
"1,100.0","1,100.0","1,100.0","1,100.0","1,100.0","1,100.0","1,100.0","1,100.0"
"1,203.0","1,203.0","1,203.0","1,203.0","1,203.0","1,203.0","1,203.0","1,203.0"
"1,105.0","1,105.0","1,105.0","1,105.0","1,105.0","1,105.0","1,105.0","1,105.0"
"1,101.0","1,101.0","1,101.0","1,101.0","1,101.0","1,101.0","1,101.0","1,101.0"
"1,465.7","1,465.7","1,465.7","1,465.7","1,465.7","1,465.7","1,465.7","1,465.7"
"1,200.0","1,200.0","1,200.0","1,200.0","1,200.0","1,200.0","1,200.0","1,200.0"
"1,487.0","1,487.0","1,487.0","1,487.0","1,487.0","1,487.0","1,487.0","1,487.0"
"1,100.0","1,100.0","1,100.0","1,100.0","1,100.0","1,100.0","1,100.0","1,100.0"
"1,467.9","1,467.9","1,457.2","1,457.2","1,457.2","1,457.2","1,457.2","1,457.2"
"1,101.0","1,101.0","1,101.0","1,101.0","1,101.0","1,101.0","1,101.0","1,101.0"
"1,392.0","1,392.0","1,392.0","1,392.0","1,392.0","1,392.0","1,392.0","1,392.0"
"1,155.0","1,155.0","1,155.0","1,155.0","1,155.0","1,155.0","1,155.0","1,155.0"
"1,100.0","1,100.0","1,100.0","1,100.0","1,100.0","1,100.0","1,100.0","1,100.0"
"1,300.0","1,300.0","1,300.0","1,300.0","1,300.0","1,300.0","1,300.0","1,300.0"
"1,307.0","1,307.0","1,307.0","1,307.0","1,307.0","1,307.0","1,307.0","1,307.0"
"1,306.0","1,306.0","1,306.0","1,306.0","1,306.0","1,306.0","1,306.0","1,306.0"
"1,165.0","1,165.0","1,165.0","1,165.0","1,165.0","1,165.0","1,165.0","1,165.0"
"1,666.9","1,666.9","1,666.9","1,666.9","1,666.9","1,666.9","1,666.9","1,666.9"
"1,355.6","1,355.6","1,355.6","1,355.6","1,355.6","1,355.6","1,355.6","1,355.6"
"1,252.0","1,252.0","1,252.0","1,252.0","1,252.0","1,252.0","1,252.0","1,252.0"
"1,424.0","1,424.0","1,424.0","1,424.0","1,424.0","1,424.0","1,424.0","1,424.0"
"1,378.0","1,378.0","1,378.0","1,378.0","1,378.0","1,378.0","1,378.0","1,378.0"
"1,100.0","1,100.0","1,100.0","1,100.0","1,100.0","1,100.0","1,100.0","1,100.0"
"1,304.0","1,304.0","1,304.0","1,304.0","1,304.0","1,304.0","1,304.0","1,304.0"
"1,110.0","1,110.0","1,110.0","1,110.0","1,110.0","1,110.0","1,110.0","1,110.0"
"1,445.0","1,445.0","1,445.0","1,445.0","1,445.0","1,445.0","1,445.0","1,445.0"
"1,160.0","1,160.0","1,160.0","1,160.0","1,160.0","1,160.0","1,160.0","1,160.0"
"1,300.0","1,300.0","1,300.0","1,300.0","1,300.0","1,300.0","1,300.0","1,300.0"
"1,263.0","1,263.0","1,263.0","1,263.0","1,263.0","1,263.0","1,263.0","1,263.0"
"1,371.4","1,371.4","1,371.4","1,404.1","1,404.1","1,404.1","1,404.1","1,404.1"
"1,100.0","1,100.0","1,100.0","1,100.0","1,100.0","1,100.0","1,100.0","1,100.0"
"1,120.0","1,120.0","1,120.0","1,120.0","1,120.0","1,120.0","1,120.0","1,120.0"
"1,105.0","1,105.0","1,105.0","1,105.0","1,105.0","1,105.0","1,105.0","1,105.0"
"1,444.0","1,444.0","1,444.0","1,444.0","1,444.0","1,444.0","1,444.0","1,444.0"
"1,080.0","1,080.0","1,080.0","1,088.5","1,088.5","1,088.5","1,088.5","1,088.5"
"1,100.0","1,100.0","1,100.0","1,100.0","1,100.0","1,100.0","1,100.0","1,100.0"
"1,100.0","1,100.0","1,100.0","1,100.0","1,100.0","1,100.0","1,100.0","1,100.0"
"1,415.0","1,415.0","1,415.0","1,415.0","1,415.0","1,415.0","1,415.0","1,415.0"
"1,253.0","1,253.0","1,253.0","1,253.0","1,253.0","1,253.0","1,253.0","1,253.0"
"1,100.0","1,100.0","1,100.0","1,100.0","1,100.0","1,100.0","1,100.0","1,100.0"
"1,218.0","1,218.0","1,218.0","1,218.0","1,218.0","1,218.0","1,218.0","1,218.0"
"1,298.0","1,298.0","1,298.0","1,298.0","1,298.0","1,298.0","1,298.0","1,298.0"
"1,336.0","1,336.0","1,336.0","1,336.0","1,336.0","1,336.0","1,336.0","1,336.0"
"1,125.0","1,125.0","1,125.0","1,125.0","1,125.0","1,125.0","1,125.0","1,125.0"
"1,100.0","1,100.0","1,100.0","1,100.0","1,100.0","1,100.0","1,100.0","1,100.0"
"1,100.0","1,100.0","1,100.0","1,100.0","1,100.0","1,100.0","1,100.0","1,100.0"
"1,417.6","1,417.6","1,417.6","1,417.6","1,417.6","1,417.6","1,417.6","1,417.6"
"1,404.0","1,404.0","1,404.0","1,404.0","1,404.0","1,404.0","1,404.0","1,404.0"
"1,301.0","1,301.0","1,301.0","1,301.0","1,301.0","1,301.0","1,301.0","1,301.0"
"1,181.0","1,181.0","1,181.0","1,181.0","1,181.0","1,181.0","1,181.0","1,181.0"
"1,121.0","1,121.0","1,121.0","1,121.0","1,121.0","1,121.0","1,121.0","1,121.0"
"1,314.0","1,314.0","1,314.0","1,314.0","1,314.0","1,314.0","1,314.0","1,314.0"
"1,324.0","1,324.0","1,324.0","1,324.0","1,324.0","1,324.0","1,324.0","1,324.0"
"1,212.0","1,212.0","1,212.0","1,212.0","1,212.0","1,212.0","1,212.0","1,212.0"
"1,507.7","1,507.7","1,507.7","1,507.7","1,507.7","1,507.7","1,507.7","1,507.7"
"1,426.6","1,426.6","1,426.6","1,426.6","1,426.6","1,426.6","1,426.6","1,426.6"
"1,248.0","1,248.0","1,248.0","1,248.0","1,248.0","1,248.0","1,248.0","1,248.0"
"1,429.0","1,429.0","1,429.0","1,434.4","1,434.4","1,434.4","1,434.4","1,434.4"
"1,185.0","1,185.0","1,185.0","1,185.0","1,185.0","1,185.0","1,185.0","1,185.0"
"1,310.0","1,310.0","1,310.0","1,310.0","1,310.0","1,310.0","1,310.0","1,310.0"
"1,391.9","1,391.9","1,391.9","1,391.9","1,391.9","1,391.9","1,391.9","1,391.9"
"1,110.0","1,110.0","1,110.0","1,110.0","1,110.0","1,110.0","1,110.0","1,110.0"
"1,793.1","1,793.1","1,793.1","1,793.1","1,793.1","1,793.1","1,793.1","1,793.1"
"1,235.0","1,235.0","1,235.0","1,235.0","1,235.0","1,235.0","1,235.0","1,235.0"
"1,115.0","1,115.0","1,115.0","1,115.0","1,115.0","1,115.0","1,115.0","1,115.0"
"1,125.0","1,125.0","1,125.0","1,125.0","1,125.0","1,125.0","1,125.0","1,125.0"
"1,112.0","1,112.0","1,112.0","1,112.0","1,112.0","1,112.0","1,112.0","1,112.0"
"1,112.0","1,112.0","1,112.0","1,112.0","1,112.0","1,112.0","1,112.0","1,112.0"
"1,218.6","1,241.7","1,241.7","1,241.7","1,241.7","1,241.7","1,241.7","1,241.7"
"1,270.0","1,270.0","1,270.0","1,270.0","1,270.0","1,270.0","1,270.0","1,270.0"
"1,130.0","1,130.0","1,130.0","1,130.0","1,130.0","1,130.0","1,130.0","1,130.0"
"1,100.0","1,100.0","1,100.0","1,100.0","1,100.0","1,100.0","1,100.0","1,100.0"
"1,100.0","1,100.0","1,100.0","1,100.0","1,100.0","1,100.0","1,100.0","1,100.0"
"1,350.3","1,350.3","1,350.3","1,350.3","1,350.3","1,350.3","1,350.3","1,350.3"
"1,235.0","1,235.0","1,235.0","1,235.0","1,235.0","1,235.0","1,235.0","1,235.0"
"1,423.3","1,423.3","1,423.3","1,423.3","1,423.3","1,423.3","1,423.3","1,423.3"
"1,150.0","1,150.0","1,150.0","1,150.0","1,150.0","1,150.0","1,150.0","1,150.0"
"1,208.0","1,208.0","1,208.0","1,208.0","1,208.0","1,208.0","1,208.0","1,208.0"
"1,267.0","1,267.0","1,267.0","1,267.0","1,267.0","1,267.0","1,267.0","1,267.0"
"1,126.0","1,126.0","1,126.0","1,126.0","1,126.0","1,126.0","1,126.0","1,126.0"
"1,343.0","1,343.0","1,343.0","1,343.0","1,343.0","1,343.0","1,343.0","1,343.0"
"1,200.0","1,200.0","1,200.0","1,200.0","1,200.0","1,200.0","1,200.0","1,200.0"
"1,115.0","1,115.0","1,115.0","1,115.0","1,115.0","1,115.0","1,115.0","1,115.0"
"1,156.0","1,156.0","1,156.0","1,156.0","1,156.0","1,156.0","1,156.0","1,156.0"
"1,200.0","1,200.0","1,200.0","1,200.0","1,200.0","1,200.0","1,200.0","1,200.0"
"1,383.0","1,383.0","1,383.0","1,383.0","1,383.0","1,383.0","1,383.0","1,383.0"
"1,189.0","1,189.0","1,189.0","1,189.0","1,189.0","1,189.0","1,189.0","1,189.0"
"1,145.0","1,145.0","1,145.0","1,145.0","1,145.0","1,145.0","1,145.0","1,145.0"
"1,378.6","1,378.6","1,378.6","1,378.6","1,378.6","1,378.6","1,378.6","1,378.6"
"1,100.0","1,100.0","1,100.0","1,100.0","1,100.0","1,100.0","1,100.0","1,100.0"
"1,100.0","1,100.0","1,100.0","1,100.0","1,100.0","1,100.0","1,100.0","1,100.0"
"1,110.0","1,110.0","1,110.0","1,110.0","1,110.0","1,110.0","1,110.0","1,110.0"
"1,253.0","1,253.0","1,253.0","1,253.0","1,253.0","1,253.0","1,253.0","1,253.0"
"1,265.0","1,265.0","1,265.0","1,265.0","1,265.0","1,265.0","1,265.0","1,265.0"
"1,402.0","1,402.0","1,402.0","1,402.0","1,402.0","1,402.0","1,402.0","1,402.0"
"1,100.0","1,100.0","1,100.0","1,100.0","1,100.0","1,100.0","1,100.0","1,100.0"
"1,729.2","1,730.5","1,730.5","1,730.5","1,730.5","1,730.5","1,730.5","1,730.5"
"1,181.0","1,181.0","1,181.0","1,181.0","1,181.0","1,181.0","1,181.0","1,181.0"
"1,396.7","1,396.7","1,396.7","1,396.7","1,396.7","1,396.7","1,396.7","1,396.7"
"1,130.0","1,130.0","1,130.0","1,130.0","1,130.0","1,130.0","1,130.0","1,130.0"
"1,130.0","1,130.0","1,130.0","1,130.0","1,130.0","1,130.0","1,130.0","1,130.0"
"1,406.6","1,406.6","1,406.6","1,406.6","1,406.6","1,406.6","1,406.6","1,406.6"
"1,317.0","1,317.0","1,317.0","1,317.0","1,317.0","1,317.0","1,317.0","1,317.0"
"1,175.0","1,175.0","1,175.0","1,175.0","1,175.0","1,175.0","1,175.0","1,175.0"
"1,441.0","1,441.0","1,441.0","1,441.0","1,441.0","1,441.0","1,441.0","1,441.0"
"1,460.3","1,460.3","1,460.3","1,460.3","1,460.3","1,460.3","1,460.3","1,460.3"
"1,356.0","1,356.0","1,356.0","1,356.0","1,356.0","1,356.0","1,356.0","1,356.0"
"1,116.0","1,116.0","1,116.0","1,116.0","1,116.0","1,116.0","1,116.0","1,116.0"
"1,301.0","1,301.0","1,301.0","1,301.0","1,301.0","1,301.0","1,301.0","1,301.0"
"1,200.0","1,200.0","1,200.0","1,200.0","1,200.0","1,200.0","1,200.0","1,200.0"
"1,245.0","1,245.0","1,245.0","1,245.0","1,245.0","1,245.0","1,245.0","1,245.0"
"1,396.2","1,396.2","1,396.2","1,396.2","1,396.2","1,396.2","1,396.2","1,396.2"
"1,125.0","1,125.0","1,125.0","1,125.0","1,125.0","1,125.0","1,125.0","1,125.0"
"1,202.0","1,202.0","1,202.0","1,202.0","1,202.0","1,202.0","1,202.0","1,202.0"
"1,100.0","1,100.0","1,100.0","1,100.0","1,100.0","1,100.0","1,100.0","1,100.0"
"1,445.0","1,445.0","1,445.0","1,445.0","1,445.0","1,445.0","1,445.0","1,445.0"
"1,105.0","1,105.0","1,105.0","1,105.0","1,105.0","1,105.0","1,105.0","1,105.0"
"1,100.0","1,100.0","1,100.0","1,100.0","1,100.0","1,100.0","1,100.0","1,100.0"
"1,367.0","1,367.0","1,367.0","1,367.0","1,367.0","1,367.0","1,367.0","1,367.0"
"1,340.0","1,340.0","1,340.0","1,340.0","1,340.0","1,340.0","1,340.0","1,340.0"
"1,100.0","1,100.0","1,100.0","1,100.0","1,100.0","1,100.0","1,100.0","1,100.0"
"1,462.1","1,462.1","1,462.1","1,462.1","1,462.1","1,462.1","1,462.1","1,462.1"
"1,192.3","1,192.3","1,192.3","1,192.3","1,192.3","1,192.3","1,192.3","1,192.3"
"1,100.0","1,100.0","1,100.0","1,100.0","1,100.0","1,100.0","1,100.0","1,100.0"
"1,126.9","1,126.9","1,126.9","1,126.9","1,126.9","1,126.9","1,126.9","1,126.9"
"1,150.0","1,150.0","1,150.0","1,150.0","1,150.0","1,150.0","1,150.0","1,150.0"
"1,287.0","1,287.0","1,287.0","1,287.0","1,287.0","1,287.0","1,287.0","1,287.0"
"1,282.9","1,282.9","1,282.9","1,282.9","1,282.9","1,282.9","1,282.9","1,282.9"
"1,100.0","1,100.0","1,100.0","1,100.0","1,100.0","1,100.0","1,100.0","1,100.0"
"1,160.0","1,160.0","1,160.0","1,160.0","1,160.0","1,160.0","1,160.0","1,160.0"
"1,297.8","1,297.8","1,308.8","1,308.8","1,308.8","1,308.8","1,308.8","1,308.8"
"1,379.2","1,379.2","1,364.9","1,364.9","1,364.9","1,364.9","1,364.9","1,364.9"
"1,210.0","1,210.0","1,210.0","1,210.0","1,210.0","1,210.0","1,210.0","1,210.0"
"1,297.0","1,297.0","1,297.0","1,297.0","1,297.0","1,297.0","1,297.0","1,297.0"
"1,304.0","1,304.0","1,304.0","1,304.0","1,304.0","1,304.0","1,304.0","1,304.0"
"1,100.0","1,100.0","1,100.0","1,100.0","1,100.0","1,100.0","1,100.0","1,100.0"
"1,155.0","1,155.0","1,155.0","1,155.0","1,155.0","1,155.0","1,155.0","1,155.0"
"1,100.0","1,100.0","1,100.0","1,100.0","1,100.0","1,100.0","1,100.0","1,100.0"
"1,105.0","1,105.0","1,105.0","1,105.0","1,105.0","1,105.0","1,105.0","1,105.0"
"1,100.0","1,100.0","1,100.0","1,100.0","1,100.0","1,100.0","1,100.0","1,100.0"
"1,272.6","1,272.6","1,272.6","1,262.0","1,262.0","1,262.0","1,262.0","1,262.0"
"1,402.0","1,402.0","1,402.0","1,402.0","1,402.0","1,402.0","1,402.0","1,402.0"
"1,165.0","1,165.0","1,165.0","1,165.0","1,165.0","1,165.0","1,165.0","1,165.0"
"1,295.0","1,295.0","1,295.0","1,295.0","1,295.0","1,295.0","1,295.0","1,295.0"
"1,180.0","1,180.0","1,180.0","1,180.0","1,180.0","1,180.0","1,180.0","1,180.0"
"1,207.0","1,207.0","1,207.0","1,207.0","1,207.0","1,207.0","1,207.0","1,207.0"
"1,215.0","1,215.0","1,215.0","1,215.0","1,215.0","1,215.0","1,215.0","1,215.0"
"1,100.0","1,100.0","1,100.0","1,100.0","1,100.0","1,100.0","1,100.0","1,100.0"
"1,292.0","1,292.0","1,292.0","1,292.0","1,292.0","1,292.0","1,292.0","1,292.0"
"1,122.1","1,122.1","1,122.1","1,122.1","1,122.1","1,122.1","1,122.1","1,122.1"
"1,223.9","1,223.9","1,223.9","1,223.9","1,223.9","1,223.9","1,223.9","1,223.9"
"1,100.0","1,100.0","1,100.0","1,100.0","1,100.0","1,100.0","1,100.0","1,100.0"
"1,125.0","1,125.0","1,125.0","1,125.0","1,125.0","1,125.0","1,125.0","1,125.0"
"1,100.0","1,100.0","1,100.0","1,100.0","1,100.0","1,100.0","1,100.0","1,100.0"
"1,120.0","1,120.0","1,120.0","1,120.0","1,120.0","1,120.0","1,120.0","1,120.0"
"1,110.0","1,110.0","1,110.0","1,110.0","1,110.0","1,110.0","1,110.0","1,110.0"
"1,212.3","1,212.3","1,212.3","1,212.3","1,212.3","1,212.3","1,212.3","1,212.3"
"1,182.3","1,182.3","1,182.3","1,182.3","1,182.3","1,182.3","1,182.3","1,182.3"
"1,607.7","1,608.7","1,608.7","1,608.7","1,608.7","1,608.7","1,608.7","1,608.7"
"1,100.0","1,100.0","1,100.0","1,100.0","1,100.0","1,100.0","1,100.0","1,100.0"
"1,318.0","1,318.0","1,318.0","1,318.0","1,318.0","1,318.0","1,318.0","1,318.0"
"1,323.7","1,323.7","1,323.7","1,323.7","1,323.7","1,323.7","1,323.7","1,323.7"
"1,337.0","1,337.0","1,337.0","1,337.0","1,337.0","1,337.0","1,337.0","1,337.0"
"1,453.0","1,453.0","1,453.0","1,453.0","1,453.0","1,453.0","1,453.0","1,453.0"
"1,190.0","1,190.0","1,190.0","1,190.0","1,190.0","1,190.0","1,190.0","1,190.0"
"1,347.0","1,347.0","1,347.0","1,347.0","1,347.0","1,347.0","1,347.0","1,347.0"
"1,125.0","1,125.0","1,125.0","1,125.0","1,125.0","1,125.0","1,125.0","1,125.0"
"1,324.0","1,324.0","1,324.0","1,324.0","1,324.0","1,324.0","1,324.0","1,324.0"
"1,110.0","1,110.0","1,110.0","1,110.0","1,110.0","1,110.0","1,110.0","1,110.0"
"1,259.8","1,259.8","1,259.8","1,259.8","1,259.8","1,259.8","1,259.8","1,259.8"
"1,221.0","1,221.0","1,221.0","1,221.0","1,221.0","1,221.0","1,221.0","1,221.0"
"1,110.0","1,110.0","1,110.0","1,110.0","1,110.0","1,110.0","1,110.0","1,110.0"
"1,215.5","1,215.5","1,215.5","1,215.5","1,215.5","1,215.5","1,215.5","1,215.5"
"1,235.0","1,235.0","1,235.0","1,235.0","1,235.0","1,235.0","1,235.0","1,235.0"
"1,100.0","1,100.0","1,100.0","1,100.0","1,100.0","1,100.0","1,100.0","1,100.0"
"1,100.0","1,100.0","1,100.0","1,100.0","1,100.0","1,100.0","1,100.0","1,100.0"
"1,229.0","1,229.0","1,229.0","1,229.0","1,229.0","1,229.0","1,229.0","1,229.0"
"1,388.9","1,376.0","1,376.0","1,376.0","1,376.0","1,376.0","1,376.0","1,376.0"
"1,100.0","1,100.0","1,100.0","1,100.0","1,100.0","1,100.0","1,100.0","1,100.0"
"1,641.5","1,641.5","1,641.5","1,641.5","1,641.5","1,641.5","1,641.5","1,641.5"
"1,442.0","1,442.0","1,442.0","1,442.0","1,442.0","1,442.0","1,442.0","1,442.0"
"1,100.0","1,100.0","1,100.0","1,100.0","1,100.0","1,100.0","1,100.0","1,100.0"
"1,110.0","1,110.0","1,110.0","1,110.0","1,110.0","1,110.0","1,110.0","1,110.0"
"1,126.0","1,126.0","1,126.0","1,126.0","1,126.0","1,126.0","1,126.0","1,126.0"
"1,125.0","1,125.0","1,125.0","1,125.0","1,125.0","1,125.0","1,125.0","1,125.0"
"1,465.1","1,447.1","1,447.1","1,447.1","1,447.1","1,447.1","1,447.1","1,447.1"
"1,572.2","1,572.2","1,572.2","1,572.2","1,572.2","1,572.2","1,572.2","1,572.2"
"1,115.0","1,115.0","1,115.0","1,115.0","1,115.0","1,115.0","1,115.0","1,115.0"
"1,105.0","1,105.0","1,105.0","1,105.0","1,105.0","1,105.0","1,105.0","1,105.0"
"1,100.0","1,100.0","1,100.0","1,100.0","1,100.0","1,100.0","1,100.0","1,100.0"
"1,182.3","1,182.3","1,182.3","1,182.3","1,182.3","1,182.3","1,182.3","1,182.3"
"1,268.0","1,268.0","1,268.0","1,268.0","1,268.0","1,268.0","1,268.0","1,268.0"
"1,242.7","1,242.7","1,242.7","1,242.7","1,242.7","1,242.7","1,242.7","1,242.7"
"1,196.0","1,196.0","1,196.0","1,196.0","1,196.0","1,196.0","1,196.0","1,196.0"
"1,135.0","1,135.0","1,135.0","1,135.0","1,135.0","1,135.0","1,135.0","1,135.0"
"1,145.4","1,145.4","1,145.4","1,145.4","1,145.4","1,145.4","1,145.4","1,145.4"
"1,214.5","1,214.5","1,214.5","1,214.5","1,214.5","1,214.5","1,214.5","1,214.5"
"1,110.0","1,110.0","1,110.0","1,110.0","1,110.0","1,110.0","1,110.0","1,110.0"
"1,225.2","1,225.2","1,225.2","1,225.2","1,225.2","1,225.2","1,225.2","1,225.2"
"1,243.0","1,243.0","1,243.0","1,243.0","1,243.0","1,243.0","1,243.0","1,243.0"
"1,189.0","1,189.0","1,189.0","1,189.0","1,189.0","1,189.0","1,189.0","1,189.0"
"1,161.0","1,161.0","1,161.0","1,161.0","1,161.0","1,161.0","1,161.0","1,161.0"
"1,235.0","1,235.0","1,235.0","1,235.0","1,235.0","1,235.0","1,235.0","1,235.0"
"1,100.0","1,100.0","1,100.0","1,100.0","1,100.0","1,100.0","1,100.0","1,100.0"
"1,146.9","1,146.9","1,146.9","1,155.2","1,155.2","1,155.2","1,155.2","1,155.2"
"1,119.0","1,119.0","1,119.0","1,119.0","1,119.0","1,119.0","1,119.0","1,119.0"
"1,100.0","1,100.0","1,100.0","1,100.0","1,100.0","1,100.0","1,100.0","1,100.0"
"1,100.0","1,100.0","1,100.0","1,100.0","1,100.0","1,100.0","1,100.0","1,100.0"
"1,253.0","1,253.0","1,253.0","1,253.0","1,253.0","1,253.0","1,253.0","1,253.0"
"1,100.0","1,100.0","1,100.0","1,100.0","1,100.0","1,100.0","1,100.0","1,100.0"
"1,514.1","1,514.1","1,514.1","1,514.1","1,514.1","1,514.1","1,514.1","1,514.1"
"1,120.0","1,120.0","1,120.0","1,120.0","1,120.0","1,120.0","1,120.0","1,120.0"
"1,393.0","1,393.0","1,393.0","1,393.0","1,393.0","1,393.0","1,393.0","1,393.0"
"1,408.3","1,408.3","1,408.3","1,408.3","1,408.3","1,408.3","1,408.3","1,408.3"
"1,322.7","1,322.7","1,322.7","1,322.7","1,322.7","1,322.7","1,322.7","1,322.7"
"1,096.3","1,096.3","1,096.3","1,096.3","1,096.3","1,096.3","1,096.3","1,096.3"
"1,404.0","1,404.0","1,404.0","1,404.0","1,404.0","1,404.0","1,404.0","1,404.0"
"1,100.0","1,100.0","1,100.0","1,100.0","1,100.0","1,100.0","1,100.0","1,100.0"
"1,100.0","1,100.0","1,100.0","1,100.0","1,100.0","1,100.0","1,100.0","1,100.0"
"1,346.0","1,346.0","1,346.0","1,346.0","1,346.0","1,346.0","1,346.0","1,346.0"
"1,300.0","1,300.0","1,300.0","1,300.0","1,300.0","1,300.0","1,300.0","1,300.0"
"1,100.0","1,100.0","1,100.0","1,100.0","1,100.0","1,100.0","1,100.0","1,100.0"
"1,240.0","1,240.0","1,240.0","1,240.0","1,240.0","1,240.0","1,240.0","1,240.0"
"1,201.9","1,201.9","1,201.9","1,201.9","1,201.9","1,201.9","1,201.9","1,201.9"
"1,225.1","1,225.1","1,225.1","1,225.1","1,225.1","1,225.1","1,225.1","1,225.1"
"1,225.6","1,225.6","1,225.6","1,225.6","1,225.6","1,225.6","1,225.6","1,225.6"
"1,162.9","1,162.9","1,162.9","1,162.9","1,162.9","1,162.9","1,162.9","1,162.9"
"1,120.0","1,120.0","1,120.0","1,120.0","1,120.0","1,120.0","1,120.0","1,120.0"
"1,240.0","1,240.0","1,240.0","1,240.0","1,240.0","1,240.0","1,240.0","1,240.0"
"1,101.0","1,101.0","1,101.0","1,101.0","1,101.0","1,101.0","1,101.0","1,101.0"
"1,255.0","1,255.0","1,255.0","1,255.0","1,255.0","1,255.0","1,255.0","1,255.0"
"1,190.0","1,190.0","1,190.0","1,190.0","1,190.0","1,190.0","1,190.0","1,190.0"
"1,145.0","1,145.0","1,145.0","1,145.0","1,145.0","1,145.0","1,145.0","1,145.0"
"1,402.8","1,402.8","1,402.8","1,402.8","1,402.8","1,402.8","1,402.8","1,402.8"
"1,155.3","1,155.3","1,155.3","1,155.3","1,155.3","1,155.3","1,155.3","1,155.3"
"1,171.0","1,171.0","1,171.0","1,171.0","1,171.0","1,171.0","1,171.0","1,171.0"
"1,478.5","1,478.5","1,478.5","1,478.5","1,478.5","1,478.5","1,478.5","1,478.5"
"1,239.0","1,239.0","1,239.0","1,239.0","1,239.0","1,239.0","1,239.0","1,239.0"
"1,232.0","1,232.0","1,232.0","1,232.0","1,232.0","1,232.0","1,232.0","1,232.0"
"1,476.0","1,476.0","1,476.0","1,476.0","1,476.0","1,476.0","1,476.0","1,476.0"
"1,513.9","1,513.9","1,513.9","1,513.9","1,513.9","1,513.9","1,513.9","1,513.9"
"1,125.0","1,125.0","1,125.0","1,125.0","1,125.0","1,125.0","1,125.0","1,125.0"
"1,567.9","1,532.2","1,532.2","1,532.2","1,532.2","1,532.2","1,532.2","1,532.2"
"1,115.0","1,115.0","1,115.0","1,115.0","1,115.0","1,115.0","1,115.0","1,115.0"
"1,100.0","1,100.0","1,100.0","1,100.0","1,100.0","1,100.0","1,100.0","1,100.0"
"1,101.0","1,101.0","1,101.0","1,101.0","1,101.0","1,101.0","1,101.0","1,101.0"
"1,424.4","1,416.1","1,416.1","1,416.1","1,416.1","1,416.1","1,416.1","1,416.1"
"1,303.3","1,303.3","1,303.3","1,303.3","1,303.3","1,303.3","1,303.3","1,303.3"
"1,225.6","1,225.6","1,225.6","1,225.6","1,225.6","1,225.6","1,225.6","1,225.6"
"1,160.0","1,160.0","1,160.0","1,160.0","1,160.0","1,160.0","1,160.0","1,160.0"
"1,131.0","1,131.0","1,131.0","1,131.0","1,131.0","1,131.0","1,131.0","1,131.0"
"1,100.0","1,100.0","1,100.0","1,100.0","1,100.0","1,100.0","1,100.0","1,100.0"
"1,514.9","1,514.9","1,514.9","1,514.9","1,514.9","1,514.9","1,514.9","1,514.9"
"1,219.9","1,219.9","1,219.9","1,219.9","1,219.9","1,219.9","1,219.9","1,219.9"
"1,301.0","1,301.0","1,301.0","1,301.0","1,301.0","1,301.0","1,301.0","1,301.0"
"1,100.0","1,100.0","1,100.0","1,100.0","1,100.0","1,100.0","1,100.0","1,100.0"
"1,165.0","1,165.0","1,165.0","1,165.0","1,165.0","1,165.0","1,165.0","1,165.0"
"1,100.0","1,100.0","1,100.0","1,100.0","1,100.0","1,100.0","1,100.0","1,100.0"
"1,218.0","1,218.0","1,218.0","1,218.0","1,218.0","1,218.0","1,218.0","1,218.0"
"1,125.0","1,125.0","1,125.0","1,125.0","1,125.0","1,125.0","1,125.0","1,125.0"
"1,227.0","1,227.0","1,227.0","1,227.0","1,227.0","1,227.0","1,227.0","1,227.0"
"1,270.0","1,270.0","1,270.0","1,270.0","1,270.0","1,270.0","1,270.0","1,270.0"
"1,169.7","1,169.7","1,169.7","1,169.7","1,169.7","1,169.7","1,169.7","1,169.7"
"1,290.0","1,290.0","1,290.0","1,290.0","1,290.0","1,290.0","1,290.0","1,290.0"
"1,470.8","1,470.8","1,470.8","1,430.8","1,430.8","1,430.8","1,430.8","1,430.8"
"1,223.4","1,223.4","1,223.4","1,223.4","1,223.4","1,223.4","1,223.4","1,223.4"
"1,100.0","1,100.0","1,100.0","1,100.0","1,100.0","1,100.0","1,100.0","1,100.0"
"1,100.0","1,100.0","1,100.0","1,100.0","1,100.0","1,100.0","1,100.0","1,100.0"
"1,218.0","1,218.0","1,218.0","1,218.0","1,218.0","1,218.0","1,218.0","1,218.0"
"1,125.0","1,125.0","1,125.0","1,125.0","1,125.0","1,125.0","1,125.0","1,125.0"
"1,100.0","1,100.0","1,100.0","1,100.0","1,100.0","1,100.0","1,100.0","1,100.0"
"1,100.0","1,100.0","1,100.0","1,100.0","1,100.0","1,100.0","1,100.0","1,100.0"
"1,130.0","1,130.0","1,130.0","1,130.0","1,130.0","1,130.0","1,130.0","1,130.0"
"1,175.0","1,175.0","1,175.0","1,175.0","1,175.0","1,175.0","1,175.0","1,175.0"
"1,497.3","1,497.3","1,497.3","1,497.3","1,497.3","1,497.3","1,497.3","1,497.3"
"1,125.0","1,125.0","1,125.0","1,125.0","1,125.0","1,125.0","1,125.0","1,125.0"
"1,323.3","1,323.3","1,323.3","1,323.3","1,323.3","1,323.3","1,323.3","1,323.3"
"1,227.0","1,227.0","1,227.0","1,227.0","1,227.0","1,227.0","1,227.0","1,227.0"
"1,154.0","1,154.0","1,154.0","1,154.0","1,154.0","1,154.0","1,154.0","1,154.0"
"1,405.9","1,405.9","1,405.9","1,405.9","1,405.9","1,405.9","1,405.9","1,405.9"
"1,364.2","1,364.2","1,364.2","1,364.2","1,364.2","1,364.2","1,364.2","1,364.2"
"1,413.3","1,413.3","1,413.3","1,413.3","1,413.3","1,413.3","1,413.3","1,413.3"
"1,160.0","1,160.0","1,160.0","1,160.0","1,160.0","1,160.0","1,160.0","1,160.0"
"1,264.2","1,264.2","1,264.2","1,264.2","1,264.2","1,264.2","1,264.2","1,264.2"
"1,101.0","1,101.0","1,101.0","1,101.0","1,101.0","1,101.0","1,101.0","1,101.0"
"1,100.0","1,100.0","1,100.0","1,100.0","1,100.0","1,100.0","1,100.0","1,100.0"
"1,257.0","1,257.0","1,257.0","1,257.0","1,257.0","1,257.0","1,257.0","1,257.0"
"1,100.0","1,100.0","1,100.0","1,100.0","1,100.0","1,100.0","1,100.0","1,100.0"
"1,276.0","1,276.0","1,276.0","1,276.0","1,276.0","1,276.0","1,276.0","1,276.0"
"1,100.0","1,100.0","1,100.0","1,100.0","1,100.0","1,100.0","1,100.0","1,100.0"
"1,262.0","1,262.0","1,262.0","1,262.0","1,262.0","1,262.0","1,262.0","1,262.0"
"1,250.1","1,250.1","1,250.1","1,250.1","1,250.1","1,250.1","1,250.1","1,250.1"
"1,385.6","1,385.6","1,385.6","1,385.6","1,385.6","1,385.6","1,385.6","1,385.6"
"1,100.0","1,100.0","1,100.0","1,100.0","1,100.0","1,100.0","1,100.0","1,100.0"
"1,155.1","1,155.1","1,155.1","1,155.1","1,155.1","1,155.1","1,155.1","1,155.1"
"1,377.3","1,377.3","1,377.3","1,377.3","1,377.3","1,377.3","1,377.3","1,377.3"
"1,170.0","1,170.0","1,170.0","1,170.0","1,170.0","1,170.0","1,170.0","1,170.0"
"1,100.0","1,100.0","1,100.0","1,100.0","1,100.0","1,100.0","1,100.0","1,100.0"
"1,387.0","1,387.0","1,387.0","1,387.0","1,387.0","1,387.0","1,387.0","1,387.0"
"1,100.0","1,100.0","1,100.0","1,100.0","1,100.0","1,100.0","1,100.0","1,100.0"
"1,388.0","1,388.0","1,388.0","1,388.0","1,388.0","1,388.0","1,388.0","1,388.0"
"1,304.0","1,304.0","1,304.0","1,304.0","1,304.0","1,304.0","1,304.0","1,304.0"
"1,185.0","1,185.0","1,185.0","1,185.0","1,185.0","1,185.0","1,185.0","1,185.0"
"1,356.6","1,356.6","1,356.6","1,356.6","1,356.6","1,356.6","1,356.6","1,356.6"
"1,243.0","1,243.0","1,243.0","1,243.0","1,243.0","1,243.0","1,243.0","1,243.0"
"1,105.0","1,105.0","1,105.0","1,105.0","1,105.0","1,105.0","1,105.0","1,105.0"
"1,228.6","1,228.6","1,228.6","1,228.6","1,228.6","1,228.6","1,228.6","1,228.6"
"1,080.0","1,080.0","1,084.3","1,084.3","1,084.3","1,084.3","1,084.3","1,084.3"
"1,437.4","1,437.4","1,437.4","1,437.4","1,437.4","1,437.4","1,437.4","1,437.4"
"1,181.0","1,181.0","1,181.0","1,181.0","1,181.0","1,181.0","1,181.0","1,181.0"
"1,208.3","1,208.3","1,208.3","1,208.3","1,208.3","1,208.3","1,208.3","1,208.3"
"1,100.0","1,100.0","1,100.0","1,100.0","1,100.0","1,100.0","1,100.0","1,100.0"
"1,100.0","1,100.0","1,100.0","1,100.0","1,100.0","1,100.0","1,100.0","1,100.0"
"1,344.7","1,344.7","1,344.7","1,344.7","1,344.7","1,344.7","1,344.7","1,344.7"
"1,100.0","1,100.0","1,100.0","1,100.0","1,100.0","1,100.0","1,100.0","1,100.0"
"1,880.5","1,878.2","1,878.2","1,872.2","1,872.2","1,872.2","1,872.2","1,865.2"
"1,125.0","1,125.0","1,125.0","1,125.0","1,125.0","1,125.0","1,125.0","1,125.0"
"1,119.0","1,119.0","1,119.0","1,119.0","1,119.0","1,119.0","1,119.0","1,119.0"
"1,100.0","1,100.0","1,100.0","1,100.0","1,100.0","1,100.0","1,100.0","1,100.0"
"1,100.0","1,100.0","1,100.0","1,100.0","1,100.0","1,100.0","1,100.0","1,100.0"
"1,150.2","1,150.2","1,150.2","1,150.2","1,150.2","1,150.2","1,150.2","1,150.2"
"1,301.0","1,301.0","1,301.0","1,301.0","1,301.0","1,301.0","1,301.0","1,301.0"
"1,125.0","1,125.0","1,125.0","1,125.0","1,125.0","1,125.0","1,125.0","1,125.0"
"1,380.8","1,380.8","1,380.8","1,380.8","1,380.8","1,380.8","1,380.8","1,380.8"
"1,100.0","1,100.0","1,100.0","1,100.0","1,100.0","1,100.0","1,100.0","1,100.0"
"1,328.9","1,328.9","1,328.9","1,328.9","1,328.9","1,328.9","1,328.9","1,328.9"
"1,115.0","1,115.0","1,115.0","1,115.0","1,115.0","1,115.0","1,115.0","1,115.0"
"1,154.0","1,154.0","1,154.0","1,154.0","1,154.0","1,154.0","1,154.0","1,154.0"
"1,327.0","1,327.0","1,327.0","1,327.0","1,327.0","1,327.0","1,327.0","1,327.0"
"1,160.0","1,160.0","1,160.0","1,160.0","1,160.0","1,160.0","1,160.0","1,160.0"
"1,100.0","1,100.0","1,100.0","1,100.0","1,100.0","1,100.0","1,100.0","1,100.0"
"1,100.0","1,100.0","1,100.0","1,100.0","1,100.0","1,100.0","1,100.0","1,100.0"
"1,133.6","1,133.6","1,133.6","1,133.6","1,133.6","1,133.6","1,133.6","1,133.6"
"1,340.9","1,340.9","1,340.9","1,340.9","1,340.9","1,340.9","1,340.9","1,340.9"
"1,289.3","1,289.3","1,289.3","1,289.3","1,289.3","1,289.3","1,289.3","1,289.3"
"1,150.7","1,150.7","1,150.7","1,150.7","1,150.7","1,150.7","1,150.7","1,150.7"
"1,100.0","1,100.0","1,100.0","1,100.0","1,100.0","1,100.0","1,100.0","1,100.0"
"1,111.0","1,111.0","1,111.0","1,111.0","1,111.0","1,111.0","1,111.0","1,111.0"
"1,110.0","1,110.0","1,110.0","1,110.0","1,110.0","1,110.0","1,110.0","1,110.0"
"1,100.0","1,100.0","1,100.0","1,100.0","1,100.0","1,100.0","1,100.0","1,100.0"
"1,307.4","1,307.4","1,307.4","1,307.4","1,307.4","1,307.4","1,307.4","1,307.4"
"1,706.8","1,706.8","1,706.8","1,706.8","1,706.8","1,706.8","1,706.8","1,699.5"
"1,185.0","1,185.0","1,185.0","1,185.0","1,185.0","1,185.0","1,185.0","1,185.0"
"1,181.5","1,181.5","1,181.5","1,181.5","1,181.5","1,181.5","1,181.5","1,181.5"
"1,185.0","1,185.0","1,185.0","1,185.0","1,185.0","1,185.0","1,185.0","1,185.0"
"1,155.9","1,155.9","1,155.9","1,155.9","1,155.9","1,155.9","1,155.9","1,155.9"
"1,106.0","1,106.0","1,106.0","1,106.0","1,106.0","1,106.0","1,106.0","1,106.0"
"1,135.0","1,135.0","1,135.0","1,135.0","1,135.0","1,135.0","1,135.0","1,135.0"
"1,210.0","1,210.0","1,210.0","1,210.0","1,210.0","1,210.0","1,210.0","1,210.0"
"1,100.0","1,100.0","1,100.0","1,100.0","1,100.0","1,100.0","1,100.0","1,100.0"
"1,080.0","1,080.0","1,080.0","1,080.0","1,080.0","1,080.0","1,080.0","1,080.0"
"1,100.0","1,100.0","1,100.0","1,100.0","1,100.0","1,100.0","1,100.0","1,100.0"
"1,100.0","1,100.0","1,100.0","1,100.0","1,100.0","1,100.0","1,100.0","1,100.0"
"1,133.7","1,133.7","1,133.7","1,133.7","1,133.7","1,133.7","1,133.7","1,133.7"
"1,093.6","1,093.6","1,093.6","1,093.6","1,093.6","1,093.6","1,093.6","1,093.6"
"1,217.0","1,217.0","1,217.0","1,217.0","1,217.0","1,217.0","1,217.0","1,217.0"
"1,100.0","1,100.0","1,100.0","1,100.0","1,100.0","1,100.0","1,100.0","1,100.0"
"1,100.0","1,100.0","1,100.0","1,100.0","1,100.0","1,100.0","1,100.0","1,100.0"
"1,231.4","1,231.4","1,231.4","1,231.4","1,231.4","1,231.4","1,231.4","1,231.4"
"1,216.1","1,216.1","1,216.1","1,216.1","1,216.1","1,216.1","1,216.1","1,216.1"
"1,288.3","1,288.3","1,288.3","1,288.3","1,288.3","1,288.3","1,288.3","1,288.3"
"1,117.0","1,117.0","1,117.0","1,117.0","1,117.0","1,117.0","1,117.0","1,117.0"
"1,594.8","1,594.8","1,554.8","1,554.8","1,554.8","1,554.8","1,554.8","1,554.8"
"1,469.6","1,469.6","1,469.6","1,469.6","1,469.6","1,469.6","1,469.6","1,469.6"
"1,196.9","1,196.9","1,196.9","1,196.9","1,196.9","1,196.9","1,196.9","1,196.9"
"1,555.1","1,555.1","1,555.1","1,555.1","1,555.1","1,555.1","1,555.1","1,555.1"
"1,235.0","1,235.0","1,235.0","1,235.0","1,235.0","1,235.0","1,235.0","1,235.0"
"1,133.7","1,133.7","1,133.7","1,133.7","1,133.7","1,133.7","1,133.7","1,133.7"
"1,080.0","1,080.0","1,080.0","1,080.0","1,080.0","1,080.0","1,080.0","1,080.0"
"1,171.2","1,171.2","1,171.2","1,171.2","1,171.2","1,171.2","1,171.2","1,171.2"
"1,203.0","1,203.0","1,203.0","1,203.0","1,203.0","1,203.0","1,203.0","1,203.0"
"1,100.0","1,100.0","1,100.0","1,100.0","1,100.0","1,100.0","1,100.0","1,100.0"
"1,660.9","1,660.9","1,660.9","1,660.9","1,660.9","1,660.9","1,660.9","1,660.9"
"1,125.0","1,125.0","1,125.0","1,125.0","1,125.0","1,125.0","1,125.0","1,125.0"
"1,100.0","1,100.0","1,100.0","1,100.0","1,100.0","1,100.0","1,100.0","1,100.0"
"1,340.3","1,340.3","1,340.3","1,340.3","1,340.3","1,340.3","1,340.3","1,340.3"
"1,177.9","1,177.9","1,177.9","1,177.9","1,177.9","1,177.9","1,177.9","1,177.9"
"1,100.0","1,100.0","1,100.0","1,100.0","1,100.0","1,100.0","1,100.0","1,100.0"
"1,100.0","1,100.0","1,100.0","1,100.0","1,100.0","1,100.0","1,100.0","1,100.0"
"1,100.0","1,100.0","1,100.0","1,100.0","1,100.0","1,100.0","1,100.0","1,100.0"
"1,160.0","1,160.0","1,160.0","1,160.0","1,160.0","1,160.0","1,160.0","1,160.0"
"1,100.0","1,100.0","1,100.0","1,100.0","1,100.0","1,100.0","1,100.0","1,100.0"
"1,241.1","1,241.1","1,241.1","1,241.1","1,241.1","1,241.1","1,241.1","1,241.1"
"1,141.3","1,141.3","1,141.3","1,141.3","1,141.3","1,141.3","1,141.3","1,141.3"
"1,228.9","1,228.9","1,228.9","1,228.9","1,228.9","1,228.9","1,228.9","1,228.9"
"1,110.0","1,110.0","1,110.0","1,110.0","1,110.0","1,110.0","1,110.0","1,110.0"
"1,277.3","1,277.3","1,277.3","1,277.3","1,277.3","1,277.3","1,277.3","1,277.3"
"1,165.0","1,165.0","1,165.0","1,165.0","1,165.0","1,165.0","1,165.0","1,165.0"
"1,100.0","1,100.0","1,100.0","1,100.0","1,100.0","1,100.0","1,100.0","1,100.0"
"1,562.6","1,562.6","1,562.6","1,562.6","1,562.6","1,562.6","1,562.6","1,556.6"
"1,100.0","1,100.0","1,100.0","1,100.0","1,100.0","1,100.0","1,100.0","1,100.0"
"1,289.6","1,289.6","1,289.6","1,289.6","1,289.6","1,289.6","1,289.6","1,289.6"
"1,100.0","1,100.0","1,100.0","1,100.0","1,100.0","1,100.0","1,100.0","1,100.0"
"1,952.0","1,933.0","1,933.0","1,933.0","1,933.0","1,933.0","1,933.0","1,919.0"
"1,139.0","1,139.0","1,139.0","1,139.0","1,139.0","1,139.0","1,139.0","1,139.0"
"1,247.8","1,247.8","1,247.8","1,247.8","1,247.8","1,247.8","1,247.8","1,247.8"
"1,408.0","1,408.0","1,408.0","1,408.0","1,408.0","1,408.0","1,408.0","1,408.0"
"1,321.9","1,321.9","1,321.9","1,321.9","1,321.9","1,321.9","1,321.9","1,321.9"
"1,202.6","1,202.6","1,202.6","1,202.6","1,202.6","1,202.6","1,202.6","1,202.6"
"1,280.4","1,268.8","1,291.8","1,291.8","1,291.8","1,291.8","1,291.8","1,291.8"
"1,113.3","1,113.3","1,113.3","1,113.3","1,113.3","1,113.3","1,113.3","1,113.3"
"1,100.0","1,100.0","1,100.0","1,100.0","1,100.0","1,100.0","1,100.0","1,100.0"
"1,110.0","1,110.0","1,110.0","1,110.0","1,110.0","1,110.0","1,110.0","1,110.0"
"1,080.0","1,080.0","1,080.0","1,080.0","1,080.0","1,080.0","1,080.0","1,080.0"
"1,548.1","1,548.1","1,548.1","1,554.4","1,554.4","1,554.4","1,554.4","1,546.7"
"1,100.0","1,100.0","1,100.0","1,100.0","1,100.0","1,100.0","1,100.0","1,100.0"
"1,160.0","1,160.0","1,160.0","1,160.0","1,160.0","1,160.0","1,160.0","1,160.0"
"1,089.6","1,089.6","1,089.6","1,089.6","1,089.6","1,089.6","1,089.6","1,089.6"
"1,116.9","1,116.9","1,116.9","1,116.9","1,116.9","1,116.9","1,116.9","1,116.9"
"1,168.9","1,168.9","1,168.9","1,168.9","1,168.9","1,168.9","1,168.9","1,168.9"
"1,120.4","1,120.4","1,120.4","1,120.4","1,120.4","1,120.4","1,120.4","1,120.4"
"1,155.3","1,155.3","1,155.3","1,155.3","1,155.3","1,155.3","1,155.3","1,155.3"
"1,523.6","1,489.9","1,489.9","1,489.9","1,489.9","1,489.9","1,489.9","1,489.9"
"1,264.5","1,264.5","1,264.5","1,264.5","1,264.5","1,264.5","1,264.5","1,264.5"
"1,198.8","1,198.8","1,200.8","1,200.8","1,200.8","1,200.8","1,200.8","1,200.8"
"1,202.4","1,202.4","1,169.7","1,169.7","1,169.7","1,169.7","1,169.7","1,169.7"
"1,351.0","1,351.0","1,380.4","1,380.4","1,380.4","1,380.4","1,380.4","1,380.4"
"1,246.9","1,246.9","1,246.9","1,246.9","1,246.9","1,246.9","1,246.9","1,246.9"
"1,100.0","1,100.0","1,100.0","1,100.0","1,100.0","1,100.0","1,100.0","1,100.0"
"1,322.7","1,322.7","1,322.7","1,322.7","1,322.7","1,322.7","1,322.7","1,322.7"
"1,080.0","1,080.0","1,080.0","1,080.0","1,080.0","1,080.0","1,080.0","1,080.0"
"1,224.6","1,224.6","1,224.6","1,224.6","1,224.6","1,224.6","1,224.6","1,224.6"
"1,080.0","1,080.0","1,080.0","1,080.0","1,080.0","1,080.0","1,080.0","1,080.0"
"1,086.0","1,086.0","1,086.0","1,086.0","1,086.0","1,086.0","1,086.0","1,086.0"
"1,257.6","1,257.6","1,257.6","1,257.6","1,257.6","1,257.6","1,257.6","1,257.6"
"1,121.7","1,121.7","1,121.7","1,121.7","1,121.7","1,121.7","1,121.7","1,121.7"
"1,100.0","1,100.0","1,100.0","1,100.0","1,100.0","1,100.0","1,100.0","1,100.0"
"1,129.2","1,129.2","1,129.2","1,129.2","1,129.2","1,129.2","1,129.2","1,129.2"
"1,136.3","1,136.3","1,136.3","1,136.3","1,136.3","1,136.3","1,136.3","1,136.3"
"1,279.8","1,279.8","1,279.8","1,279.8","1,279.8","1,279.8","1,279.8","1,279.8"
"1,110.3","1,110.3","1,110.3","1,110.3","1,110.3","1,110.3","1,110.3","1,110.3"
"1,101.0","1,101.0","1,101.0","1,101.0","1,101.0","1,101.0","1,101.0","1,101.0"
"1,100.0","1,100.0","1,100.0","1,100.0","1,100.0","1,100.0","1,100.0","1,100.0"
"1,100.0","1,100.0","1,100.0","1,100.0","1,100.0","1,100.0","1,100.0","1,100.0"
"1,443.7","1,443.7","1,443.7","1,443.7","1,443.7","1,443.7","1,443.7","1,443.7"
"1,096.0","1,096.0","1,096.0","1,096.0","1,096.0","1,096.0","1,096.0","1,096.0"
"1,118.3","1,118.3","1,118.3","1,118.3","1,118.3","1,118.3","1,118.3","1,118.3"
"1,080.0","1,080.0","1,080.0","1,080.0","1,080.0","1,080.0","1,080.0","1,080.0"
"1,210.3","1,210.3","1,210.3","1,210.3","1,210.3","1,210.3","1,210.3","1,210.3"
"1,205.6","1,205.6","1,205.6","1,205.6","1,205.6","1,205.6","1,205.6","1,205.6"
"1,080.0","1,080.0","1,080.0","1,080.0","1,080.0","1,080.0","1,080.0","1,080.0"
"1,080.0","1,080.0","1,080.0","1,080.0","1,080.0","1,080.0","1,080.0","1,080.0"
"1,127.0","1,127.0","1,127.0","1,127.0","1,127.0","1,127.0","1,127.0","1,127.0"
"1,100.0","1,100.0","1,100.0","1,100.0","1,100.0","1,100.0","1,100.0","1,100.0"
"1,100.0","1,100.0","1,100.0","1,100.0","1,100.0","1,100.0","1,100.0","1,100.0"
"1,132.0","1,132.0","1,132.0","1,132.0","1,132.0","1,132.0","1,132.0","1,132.0"
"1,113.3","1,113.3","1,113.3","1,113.3","1,113.3","1,113.3","1,113.3","1,113.3"
"1,217.6","1,217.6","1,217.6","1,236.3","1,236.3","1,236.3","1,236.3","1,236.3"
"1,165.6","1,165.6","1,165.6","1,165.6","1,165.6","1,165.6","1,165.6","1,165.6"
"1,175.8","1,178.1","1,178.1","1,177.4","1,177.4","1,177.4","1,177.4","1,177.4"
"1,448.3","1,448.3","1,429.3","1,429.3","1,429.3","1,429.3","1,429.3","1,429.3"
"1,148.3","1,148.3","1,148.3","1,148.3","1,148.3","1,148.3","1,148.3","1,148.3"
"1,213.3","1,213.3","1,213.3","1,213.3","1,213.3","1,213.3","1,213.3","1,213.3"
"1,107.0","1,107.0","1,107.0","1,107.0","1,107.0","1,107.0","1,107.0","1,107.0"
"1,472.4","1,472.4","1,472.4","1,472.1","1,472.1","1,472.1","1,472.1","1,472.1"
"1,297.1","1,297.1","1,297.1","1,297.1","1,297.1","1,297.1","1,297.1","1,297.1"
"1,304.0","1,304.0","1,304.0","1,304.0","1,304.0","1,304.0","1,304.0","1,304.0"
"1,153.6","1,153.6","1,153.6","1,153.6","1,153.6","1,153.6","1,153.6","1,153.6"
"1,080.0","1,080.0","1,080.0","1,080.0","1,080.0","1,080.0","1,080.0","1,080.0"
"1,333.0","1,333.0","1,333.0","1,333.0","1,333.0","1,333.0","1,333.0","1,333.0"
"1,090.1","1,090.1","1,090.1","1,090.1","1,090.1","1,090.1","1,090.1","1,090.1"
"1,100.0","1,100.0","1,100.0","1,100.0","1,100.0","1,100.0","1,100.0","1,100.0"
"1,131.6","1,131.6","1,131.6","1,131.6","1,131.6","1,131.6","1,131.6","1,131.6"
"1,400.0","1,400.0","1,400.0","1,400.0","1,400.0","1,300.0","1,200.0","1,198.1"
"1,100.0","1,100.0","1,100.0","1,100.0","1,100.0","1,100.0","1,100.0","1,100.0"
"1,092.0","1,092.0","1,092.0","1,092.0","1,092.0","1,092.0","1,092.0","1,092.0"
"1,102.2","1,102.2","1,102.2","1,102.2","1,102.2","1,102.2","1,102.2","1,102.2"
"1,080.0","1,080.0","1,080.0","1,080.0","1,080.0","1,080.0","1,080.0","1,080.0"
"1,080.0","1,080.0","1,080.0","1,080.0","1,080.0","1,080.0","1,080.0","1,080.0"
"1,080.0","1,080.0","1,080.0","1,080.0","1,080.0","1,080.0","1,080.0","1,080.0"
"1,251.0","1,251.0","1,251.0","1,271.4","1,271.4","1,271.4","1,271.4","1,271.4"
"1,080.0","1,080.0","1,080.0","1,080.0","1,080.0","1,080.0","1,080.0","1,080.0"
"1,389.8","1,387.4","1,387.4","1,376.1","1,376.1","1,376.1","1,376.1","1,376.1"
"1,137.0","1,137.0","1,137.0","1,117.0","1,117.0","1,117.0","1,117.0","1,117.0"
"1,080.0","1,080.0","1,080.0","1,080.0","1,080.0","1,080.0","1,080.0","1,080.0"
"1,088.5","1,088.5","1,088.5","1,088.5","1,088.5","1,088.5","1,088.5","1,088.5"
"1,090.3","1,090.3","1,090.3","1,090.3","1,090.3","1,090.3","1,090.3","1,090.3"
"1,100.0","1,100.0","1,100.0","1,100.0","1,100.0","1,100.0","1,100.0","1,100.0"
"1,425.5","1,425.5","1,425.5","1,425.5","1,425.5","1,425.5","1,425.5","1,425.5"
"1,080.0","1,111.5","1,111.5","1,111.5","1,111.5","1,111.5","1,111.5","1,111.5"
"1,309.8","1,309.8","1,309.8","1,310.2","1,310.2","1,310.2","1,310.2","1,310.2"
"1,080.0","1,080.0","1,080.0","1,080.0","1,080.0","1,080.0","1,080.0","1,080.0"
"1,100.0","1,100.0","1,100.0","1,100.0","1,100.0","1,100.0","1,100.0","1,100.0"
"1,436.0","1,417.0","1,417.0","1,407.3","1,407.3","1,407.3","1,407.3","1,407.3"
"1,139.0","1,139.0","1,139.0","1,139.0","1,139.0","1,139.0","1,139.0","1,139.0"
"1,088.9","1,088.9","1,088.9","1,088.9","1,088.9","1,088.9","1,088.9","1,088.9"
"1,110.2","1,110.2","1,110.2","1,110.2","1,110.2","1,110.2","1,110.2","1,110.2"
"1,100.6","1,100.6","1,100.6","1,100.6","1,100.6","1,100.6","1,100.6","1,100.6"
"1,080.0","1,080.0","1,080.0","1,080.0","1,080.0","1,080.0","1,080.0","1,080.0"
"1,119.8","1,119.8","1,119.8","1,119.8","1,119.8","1,119.8","1,119.8","1,119.8"
"1,159.9","1,159.9","1,159.9","1,159.9","1,159.9","1,159.9","1,159.9","1,159.9"
"1,213.7","1,211.7","1,211.7","1,211.7","1,211.7","1,211.7","1,211.7","1,211.7"
"1,080.0","1,080.0","1,080.0","1,080.0","1,080.0","1,080.0","1,080.0","1,080.0"
"1,407.0","1,407.0","1,407.0","1,407.0","1,407.0","1,407.0","1,407.0","1,407.0"
"1,394.4","1,394.4","1,392.4","1,392.4","1,392.4","1,392.4","1,392.4","1,392.4"
"1,097.2","1,097.2","1,097.2","1,097.2","1,097.2","1,097.2","1,097.2","1,097.2"
"1,080.0","1,080.0","1,080.0","1,080.0","1,080.0","1,080.0","1,080.0","1,080.0"
"1,092.5","1,092.5","1,092.5","1,095.2","1,095.2","1,095.2","1,095.2","1,095.2"
"1,382.1","1,358.4","1,358.4","1,290.4","1,290.4","1,290.4","1,290.4","1,290.4"
"1,080.0","1,080.0","1,080.0","1,080.0","1,080.0","1,080.0","1,080.0","1,080.0"
"1,165.0","1,165.0","1,165.0","1,165.0","1,165.0","1,165.0","1,165.0","1,165.0"
"1,306.8","1,306.8","1,285.8","1,285.8","1,285.8","1,285.8","1,285.8","1,285.8"
"1,343.9","1,343.9","1,343.9","1,343.9","1,343.9","1,343.9","1,343.9","1,343.9"
"1,276.9","1,276.9","1,276.9","1,276.9","1,276.9","1,276.9","1,276.9","1,276.9"
"1,105.9","1,105.9","1,105.9","1,105.9","1,105.9","1,105.9","1,105.9","1,105.9"
"1,163.4","1,163.4","1,163.4","1,163.4","1,163.4","1,163.4","1,163.4","1,163.4"
"1,081.4","1,081.4","1,081.4","1,081.4","1,081.4","1,081.4","1,081.4","1,081.4"
"1,090.5","1,090.5","1,090.5","1,090.5","1,090.5","1,090.5","1,090.5","1,090.5"
"1,083.2","1,083.2","1,083.2","1,083.2","1,083.2","1,083.2","1,083.2","1,083.2"
"1,100.0","1,100.0","1,100.0","1,100.0","1,100.0","1,100.0","1,100.0","1,100.0"
"1,257.8","1,257.8","1,257.8","1,257.8","1,257.8","1,257.8","1,257.8","1,257.8"
"1,154.0","1,154.0","1,154.0","1,154.0","1,154.0","1,154.0","1,154.0","1,154.0"
"1,272.0","1,272.0","1,272.0","1,267.4","1,267.4","1,267.4","1,267.4","1,267.4"
"1,159.0","1,159.0","1,159.0","1,159.0","1,159.0","1,159.0","1,159.0","1,159.0"
"1,257.9","1,257.9","1,257.9","1,257.9","1,257.9","1,257.9","1,257.9","1,257.9"
"1,080.0","1,080.0","1,080.0","1,080.0","1,080.0","1,080.0","1,080.0","1,080.0"
"1,106.0","1,106.0","1,106.0","1,106.0","1,106.0","1,106.0","1,106.0","1,106.0"
"1,261.9","1,261.9","1,261.9","1,261.9","1,261.9","1,261.9","1,261.9","1,261.9"
"1,104.1","1,104.1","1,104.1","1,104.1","1,104.1","1,104.1","1,104.1","1,104.1"
"1,176.9","1,176.9","1,176.9","1,176.9","1,176.9","1,176.9","1,176.9","1,176.9"
"1,100.0","1,100.0","1,100.0","1,100.0","1,100.0","1,100.0","1,100.0","1,100.0"
"1,465.8","1,438.8","1,397.5","1,397.5","1,397.5","1,397.5","1,397.5","1,395.2"
"1,103.9","1,103.9","1,103.9","1,103.9","1,103.9","1,103.9","1,103.9","1,103.9"
"1,080.0","1,080.0","1,080.0","1,080.0","1,080.0","1,080.0","1,080.0","1,080.0"
"1,080.0","1,080.0","1,080.0","1,080.0","1,080.0","1,080.0","1,080.0","1,080.0"
"1,086.7","1,086.7","1,085.4","1,085.4","1,085.4","1,085.4","1,085.4","1,085.4"
"1,377.0","1,377.0","1,377.0","1,353.0","1,353.0","1,353.0","1,353.0","1,337.0"
"1,251.6","1,251.6","1,251.6","1,251.6","1,251.6","1,251.6","1,251.6","1,251.6"
"1,084.0","1,084.0","1,084.0","1,084.0","1,084.0","1,084.0","1,084.0","1,084.0"
"1,150.0","1,150.0","1,150.0","1,150.0","1,150.0","1,150.0","1,150.0","1,150.0"
"1,080.0","1,080.0","1,080.0","1,080.0","1,080.0","1,080.0","1,080.0","1,080.0"
"1,080.0","1,080.0","1,080.0","1,080.0","1,080.0","1,080.0","1,080.0","1,080.0"
"1,100.0","1,100.0","1,100.0","1,100.0","1,100.0","1,100.0","1,100.0","1,100.0"
"1,398.8","1,398.8","1,398.8","1,399.5","1,399.5","1,399.5","1,399.5","1,399.5"
"1,206.3","1,206.3","1,206.3","1,206.3","1,206.3","1,206.3","1,206.3","1,206.3"
"1,449.4","1,450.1","1,450.1","1,431.7","1,431.7","1,431.7","1,431.7","1,452.3"
"1,346.0","1,346.0","1,346.0","1,346.0","1,346.0","1,346.0","1,346.0","1,362.1"
"1,149.9","1,149.9","1,149.9","1,149.9","1,149.9","1,149.9","1,149.9","1,149.9"
"1,267.0","1,267.0","1,267.0","1,267.0","1,267.0","1,267.0","1,267.0","1,267.0"
"1,160.9","1,156.6","1,156.6","1,156.6","1,156.6","1,156.6","1,156.6","1,156.6"
"1,317.0","1,317.0","1,317.0","1,317.0","1,317.0","1,317.0","1,317.0","1,317.0"
"1,100.0","1,100.0","1,100.0","1,100.0","1,100.0","1,100.0","1,100.0","1,100.0"
"1,080.0","1,080.0","1,080.0","1,080.0","1,080.0","1,080.0","1,080.0","1,080.0"
"1,180.6","1,180.6","1,180.6","1,180.6","1,180.6","1,180.6","1,180.6","1,180.6"
"1,088.6","1,088.6","1,088.6","1,088.6","1,088.6","1,088.6","1,088.6","1,088.6"
"1,175.9","1,175.9","1,175.9","1,175.9","1,175.9","1,175.9","1,175.9","1,175.9"
"1,100.0","1,100.0","1,100.0","1,100.0","1,100.0","1,100.0","1,100.0","1,100.0"
"1,184.5","1,184.5","1,184.5","1,185.8","1,185.8","1,185.8","1,185.8","1,185.8"
"1,164.9","1,140.3","1,140.3","1,080.0","1,080.0","1,080.0","1,080.0","1,080.0"
"1,100.0","1,100.0","1,100.0","1,100.0","1,100.0","1,100.0","1,100.0","1,100.0"
"1,130.5","1,108.9","1,108.9","1,108.9","1,108.9","1,108.9","1,108.9","1,108.9"
"1,104.3","1,104.3","1,104.3","1,104.3","1,104.3","1,104.3","1,104.3","1,104.3"
"1,089.9","1,089.9","1,089.9","1,089.9","1,089.9","1,089.9","1,089.9","1,089.9"
"1,121.3","1,121.3","1,121.3","1,121.3","1,121.3","1,121.3","1,121.3","1,121.3"
"1,080.0","1,080.0","1,080.0","1,080.0","1,080.0","1,080.0","1,080.0","1,080.0"
"1,089.3","1,089.3","1,089.3","1,089.3","1,089.3","1,089.3","1,089.3","1,089.3"
"1,100.0","1,100.0","1,100.0","1,100.0","1,100.0","1,100.0","1,100.0","1,100.0"
"1,106.6","1,106.6","1,106.6","1,106.6","1,106.6","1,106.6","1,106.6","1,106.6"
"1,242.2","1,242.2","1,242.2","1,253.5","1,253.5","1,253.5","1,253.5","1,253.5"
"1,080.0","1,080.0","1,080.0","1,080.0","1,080.0","1,080.0","1,080.0","1,080.0"
"1,164.0","1,164.0","1,164.0","1,164.0","1,164.0","1,164.0","1,164.0","1,164.0"
"1,085.1","1,085.1","1,085.1","1,085.1","1,085.1","1,085.1","1,085.1","1,085.1"
"1,080.0","1,080.0","1,080.0","1,080.0","1,080.0","1,080.0","1,080.0","1,080.0"
"1,203.1","1,203.1","1,203.1","1,203.1","1,203.1","1,203.1","1,203.1","1,203.1"
"1,412.1","1,412.1","1,412.1","1,398.5","1,398.5","1,398.5","1,398.5","1,398.5"
"1,080.0","1,080.0","1,080.0","1,080.0","1,080.0","1,080.0","1,080.0","1,080.0"
"1,115.9","1,115.9","1,115.9","1,115.9","1,115.9","1,115.9","1,115.9","1,115.9"
"1,080.0","1,080.0","1,080.0","1,080.0","1,080.0","1,080.0","1,080.0","1,080.0"
"1,213.7","1,213.7","1,213.7","1,213.7","1,213.7","1,213.7","1,213.7","1,213.7"
"1,521.0","1,516.3","1,516.3","1,482.6","1,482.6","1,482.6","1,482.6","1,464.9"
"1,105.4","1,105.4","1,105.4","1,105.4","1,105.4","1,105.4","1,105.4","1,105.4"
"1,100.6","1,100.6","1,100.6","1,100.6","1,100.6","1,100.6","1,100.6","1,100.6"
"1,157.1","1,157.1","1,157.1","1,157.1","1,157.1","1,157.1","1,157.1","1,157.1"
"1,242.4","1,211.8","1,211.8","1,211.8","1,211.8","1,211.8","1,211.8","1,211.8"
"1,100.0","1,100.0","1,100.0","1,100.0","1,100.0","1,100.0","1,100.0","1,100.0"
"1,115.7","1,115.7","1,115.7","1,115.7","1,115.7","1,115.7","1,115.7","1,115.7"
"1,089.2","1,089.2","1,089.2","1,089.2","1,089.2","1,089.2","1,089.2","1,089.2"
"1,218.9","1,218.9","1,218.9","1,218.9","1,218.9","1,218.9","1,218.9","1,218.9"
"1,437.5","1,416.2","1,419.3","1,419.3","1,419.3","1,419.3","1,419.3","1,419.3"
"1,080.0","1,080.0","1,080.0","1,080.0","1,080.0","1,080.0","1,080.0","1,080.0"
"1,214.8","1,214.8","1,214.8","1,208.8","1,208.8","1,208.8","1,208.8","1,208.8"
"1,100.0","1,100.0","1,100.0","1,100.0","1,100.0","1,100.0","1,100.0","1,100.0"
"1,099.5","1,099.5","1,099.5","1,099.5","1,099.5","1,099.5","1,099.5","1,099.5"
"1,105.9","1,105.9","1,105.9","1,105.9","1,105.9","1,105.9","1,105.9","1,105.9"
"1,129.0","1,129.0","1,129.0","1,129.0","1,129.0","1,129.0","1,129.0","1,129.0"
"1,299.6","1,299.6","1,299.6","1,299.6","1,299.6","1,299.6","1,299.6","1,299.6"
"1,086.0","1,086.0","1,086.0","1,086.0","1,086.0","1,086.0","1,086.0","1,086.0"
"1,080.0","1,080.0","1,080.0","1,080.0","1,080.0","1,080.0","1,080.0","1,080.0"
"1,080.0","1,080.0","1,080.0","1,080.0","1,080.0","1,080.0","1,080.0","1,080.0"
"1,117.9","1,117.9","1,117.9","1,117.9","1,117.9","1,117.9","1,117.9","1,117.9"
"1,128.6","1,128.6","1,128.6","1,128.6","1,128.6","1,128.6","1,128.6","1,128.6"
"1,319.4","1,319.4","1,319.4","1,300.0","1,300.0","1,300.0","1,300.0","1,244.4"
"1,168.6","1,168.6","1,168.6","1,168.6","1,168.6","1,168.6","1,168.6","1,168.6"
"1,263.3","1,263.3","1,263.3","1,263.3","1,263.3","1,263.3","1,263.3","1,263.3"
"1,118.6","1,118.6","1,118.6","1,118.6","1,118.6","1,118.6","1,118.6","1,118.6"
"1,201.5","1,208.5","1,188.5","1,188.5","1,188.5","1,188.5","1,188.5","1,188.5"
"1,100.0","1,100.0","1,100.0","1,100.0","1,100.0","1,100.0","1,100.0","1,100.0"
"1,100.0","1,100.0","1,100.0","1,100.0","1,100.0","1,100.0","1,100.0","1,100.0"
"1,100.0","1,100.0","1,100.0","1,100.0","1,100.0","1,100.0","1,100.0","1,100.0"
"1,304.3","1,284.0","1,284.0","1,259.3","1,259.3","1,259.3","1,259.3","1,259.3"
"1,115.9","1,114.0","1,114.0","1,114.0","1,114.0","1,114.0","1,114.0","1,114.0"
"1,080.0","1,088.6","1,088.6","1,088.6","1,088.6","1,088.6","1,088.6","1,088.6"
"1,083.5","1,083.5","1,083.5","1,083.5","1,083.5","1,083.5","1,083.5","1,083.5"
"1,213.1","1,205.5","1,205.5","1,159.1","1,159.1","1,159.1","1,159.1","1,159.1"
"1,099.2","1,099.2","1,099.2","1,099.2","1,099.2","1,099.2","1,099.2","1,099.2"
"1,080.0","1,080.0","1,080.0","1,080.0","1,080.0","1,080.0","1,080.0","1,080.0"
"1,233.6","1,207.6","1,207.6","1,207.6","1,207.6","1,207.6","1,207.6","1,207.6"
"1,097.3","1,097.3","1,098.0","1,098.0","1,098.0","1,098.0","1,098.0","1,098.0"
"1,080.1","1,080.1","1,080.1","1,080.1","1,080.1","1,080.1","1,080.1","1,080.1"
"1,132.0","1,132.0","1,132.0","1,132.0","1,132.0","1,132.0","1,132.0","1,132.0"
"1,228.3","1,191.7","1,167.3","1,167.3","1,167.3","1,167.3","1,167.3","1,167.3"
"1,080.0","1,080.0","1,080.0","1,080.0","1,080.0","1,080.0","1,080.0","1,080.0"
"1,080.0","1,080.0","1,080.0","1,080.0","1,080.0","1,080.0","1,080.0","1,080.0"
"1,083.6","1,083.6","1,083.6","1,083.6","1,083.6","1,083.6","1,083.6","1,083.6"
"1,100.0","1,100.0","1,100.0","1,100.0","1,100.0","1,100.0","1,100.0","1,100.0"
"1,165.5","1,165.5","1,165.5","1,165.5","1,165.5","1,165.5","1,165.5","1,165.5"
"1,095.9","1,095.9","1,095.9","1,095.9","1,095.9","1,095.9","1,095.9","1,095.9"
"1,143.1","1,143.1","1,143.1","1,143.1","1,143.1","1,143.1","1,143.1","1,143.1"
"1,100.0","1,100.0","1,100.0","1,100.0","1,100.0","1,100.0","1,100.0","1,100.0"
"1,097.4","1,097.4","1,097.4","1,097.4","1,097.4","1,097.4","1,097.4","1,097.4"
"1,118.6","1,118.6","1,118.6","1,118.6","1,118.6","1,118.6","1,118.6","1,118.6"
"1,100.0","1,100.0","1,100.0","1,100.0","1,100.0","1,100.0","1,100.0","1,100.0"
"1,130.9","1,130.9","1,130.9","1,088.6","1,088.6","1,088.6","1,088.6","1,088.6"
"1,108.8","1,108.8","1,108.8","1,103.2","1,103.2","1,103.2","1,103.2","1,103.2"
"1,080.0","1,111.7","1,111.7","1,111.7","1,111.7","1,111.7","1,111.7","1,111.7"
"1,080.0","1,080.0","1,080.0","1,080.0","1,080.0","1,080.0","1,080.0","1,080.0"
"1,100.0","1,100.0","1,100.0","1,100.0","1,100.0","1,100.0","1,100.0","1,100.0"
"1,116.9","1,116.9","1,116.9","1,116.9","1,116.9","1,116.9","1,116.9","1,116.9"
"1,161.0","1,161.0","1,161.0","1,161.0","1,161.0","1,161.0","1,161.0","1,161.0"
"1,087.3","1,087.3","1,087.3","1,087.3","1,087.3","1,087.3","1,087.3","1,087.3"
"1,100.0","1,100.0","1,100.0","1,100.0","1,100.0","1,100.0","1,100.0","1,100.0"
"1,088.6","1,089.3","1,089.3","1,089.3","1,089.3","1,089.3","1,089.3","1,089.3"
"1,100.0","1,100.0","1,100.0","1,100.0","1,100.0","1,100.0","1,100.0","1,100.0"
"1,118.3","1,118.3","1,118.3","1,118.3","1,118.3","1,118.3","1,118.3","1,118.3"
"1,100.0","1,100.0","1,100.0","1,100.0","1,100.0","1,100.0","1,100.0","1,100.0"
"1,100.0","1,100.0","1,100.0","1,100.0","1,100.0","1,100.0","1,100.0","1,100.0"
"1,080.0","1,080.0","1,080.0","1,080.0","1,080.0","1,080.0","1,080.0","1,080.0"
"1,080.0","1,080.0","1,080.0","1,080.0","1,080.0","1,080.0","1,080.0","1,080.0"
"1,094.0","1,094.0","1,094.0","1,094.0","1,094.0","1,094.0","1,094.0","1,094.0"
"1,100.0","1,100.0","1,100.0","1,100.0","1,100.0","1,100.0","1,100.0","1,100.0"
"1,120.0","1,120.0","1,120.0","1,120.0","1,120.0","1,120.0","1,120.0","1,120.0"
"1,100.0","1,100.0","1,100.0","1,100.0","1,100.0","1,100.0","1,100.0","1,100.0"
"1,100.0","1,100.0","1,100.0","1,100.0","1,100.0","1,100.0","1,100.0","1,100.0"
"1,100.0","1,100.0","1,100.0","1,100.0","1,100.0","1,100.0","1,100.0","1,100.0"
"1,080.0","1,080.0","1,080.0","1,080.0","1,080.0","1,080.0","1,080.0","1,080.0"
"1,240.3","1,240.3","1,240.3","1,200.0","1,153.9","1,153.9","1,153.9","1,153.9"
"1,150.9","1,150.9","1,150.9","1,125.2","1,125.2","1,125.2","1,125.2","1,125.2"
"1,200.0","1,200.0","1,200.0","1,200.0","1,200.0","1,200.0","1,200.0","1,200.0"
"1,130.8","1,134.1","1,134.1","1,116.5","1,116.5","1,116.5","1,116.5","1,116.5"
"1,132.7","1,132.7","1,132.7","1,132.7","1,132.7","1,132.7","1,132.7","1,132.7"
"1,093.0","1,093.0","1,093.0","1,093.0","1,093.0","1,093.0","1,093.0","1,093.0"
"1,100.0","1,100.0","1,100.0","1,100.0","1,100.0","1,100.0","1,100.0","1,100.0"
"1,190.6","1,204.0","1,211.4","1,211.4","1,211.4","1,211.4","1,211.4","1,211.4"
"1,107.1","1,107.1","1,107.1","1,107.1","1,107.1","1,107.1","1,107.1","1,107.1"
"1,089.8","1,089.8","1,089.8","1,089.8","1,089.8","1,089.8","1,089.8","1,089.8"
"1,100.6","1,100.6","1,100.6","1,100.6","1,100.6","1,100.6","1,100.6","1,100.6"
"1,088.7","1,088.7","1,088.7","1,088.7","1,088.7","1,088.7","1,088.7","1,088.7"
"1,100.0","1,100.0","1,100.0","1,100.0","1,100.0","1,100.0","1,100.0","1,100.0"
"1,126.5","1,127.8","1,127.8","1,107.2","1,107.2","1,107.2","1,107.2","1,107.2"
"1,080.0","1,085.6","1,085.6","1,080.0","1,080.0","1,080.0","1,080.0","1,080.0"
"1,100.0","1,100.0","1,100.0","1,100.0","1,100.0","1,100.0","1,100.0","1,100.0"
"1,100.0","1,100.0","1,100.0","1,100.0","1,100.0","1,100.0","1,100.0","1,100.0"
"1,227.3","1,227.3","1,227.3","1,191.3","1,191.3","1,191.3","1,191.3","1,191.3"
"1,132.2","1,132.2","1,132.2","1,132.2","1,132.2","1,132.2","1,132.2","1,132.2"
"1,100.6","1,100.6","1,100.6","1,100.6","1,100.6","1,100.6","1,100.6","1,100.6"
"1,100.0","1,100.0","1,100.0","1,100.0","1,100.0","1,100.0","1,100.0","1,100.0"
"1,100.0","1,100.0","1,100.0","1,100.0","1,100.0","1,100.0","1,100.0","1,100.0"
"1,100.0","1,100.0","1,100.0","1,100.0","1,100.0","1,100.0","1,100.0","1,100.0"
"1,099.6","1,095.3","1,095.3","1,100.0","1,100.0","1,100.0","1,100.0","1,100.0"
"1,098.3","1,098.3","1,098.3","1,098.3","1,098.3","1,098.3","1,098.3","1,098.3"
"1,131.8","1,097.5","1,097.5","1,100.0","1,100.0","1,100.0","1,100.0","1,100.0"
"1,084.6","1,084.6","1,084.6","1,084.6","1,084.6","1,084.6","1,084.6","1,084.6"
"1,080.0","1,080.0","1,080.0","1,100.0","1,100.0","1,100.0","1,100.0","1,100.0"
"1,096.6","1,100.0","1,100.0","1,100.0","1,100.0","1,100.0","1,100.0","1,100.0"
"1,100.0","1,100.0","1,100.0","1,100.0","1,100.0","1,100.0","1,100.0","1,100.0"
"1,100.0","1,100.0","1,100.0","1,100.0","1,100.0","1,100.0","1,100.0","1,100.0"
"1,100.0","1,100.0","1,100.0","1,100.0","1,100.0","1,100.0","1,100.0","1,100.0"
"1,113.9","1,106.0","1,106.0","1,100.0","1,100.0","1,100.0","1,100.0","1,100.0"
"1,100.0","1,100.0","1,100.0","1,100.0","1,100.0","1,100.0","1,100.0","1,100.0"
"1,080.0","1,080.0","1,080.0","1,100.0","1,100.0","1,100.0","1,100.0","1,100.0"
"1,100.0","1,100.0","1,100.0","1,100.0","1,100.0","1,100.0","1,100.0","1,100.0"
"1,100.0","1,100.0","1,100.0","1,100.0","1,100.0","1,100.0","1,100.0","1,100.0"
"1,100.0","1,100.0","1,100.0","1,100.0","1,100.0","1,100.0","1,100.0","1,100.0"
"1,100.0","1,100.0","1,100.0","1,100.0","1,100.0","1,100.0","1,100.0","1,100.0"
"1,113.4","1,102.0","1,102.0","1,100.0","1,100.0","1,100.0","1,100.0",
"1,133.3","1,160.0","1,100.0","1,100.0","1,100.0","1,100.0",,
"1,100.0","1,100.0","1,100.0","1,100.0","1,100.0","1,100.0",,
"1,100.0","1,100.0","1,100.0","1,100.0","1,100.0",,,
"1,100.0","1,100.0","1,100.0","1,100.0",,,,
"1,100.0","1,100.0","1,100.0",,,,,
"1,102.0","1,100.0","1,100.0",,,,,
"1,127.3","1,100.0","1,100.0",,,,,
"1,100.0",,,,,,,
"1,100.0",,,,,,,